time,target_deg,pred_target_deg,mpc_target_deg,gimbal_deg,error_deg,rate_deg_s
0.0,0.0,0.6430290840960917,0.6430290840960917,0.004629809405491861,-0.004629809405491861,0.23149047027459302
0.02,0.5729577951308232,-0.012254973140014709,-0.012254973140014709,0.009138048376656074,0.5638197467541672,0.22541194855821065
0.04,1.1459155902616465,0.30085001607698264,0.30085001607698264,0.015746613515262638,1.1301689767463838,0.33042825693032823
0.06,1.7188733853924696,0.8712145911488064,0.8712145911488064,0.028514548092830716,1.690358837299639,0.638396728878404
0.08,2.291831180523293,1.460989371191635,1.460989371191635,0.05159630139671019,2.2402348791265827,1.1540876651939738
0.1,2.8647889756541165,1.9213159869206968,1.9213159869206968,0.08814003643636237,2.776648939217754,1.8271867519826086
0.12,3.437746770784939,2.3708524631237995,2.3708524631237995,0.14111930094816408,3.296627469836775,2.648963225590086
0.14,4.010704565915763,2.788705611419169,2.788705611419169,0.21316118689535704,3.7975433790204063,3.6020942973596477
0.16,4.583662361046587,3.6811724127800804,3.6811724127800804,0.31017275366892005,4.273489607377667,4.850578338678148
0.18,5.156620156177408,3.985673262644832,3.985673262644832,0.43364792410710956,4.7229722320702985,6.173758521909476
0.2,5.729577951308232,4.581176963529464,4.581176963529464,0.5869853036291401,5.142592647679091,7.666868976101524
0.22,6.302535746439056,5.649891594096305,5.586985303629141,0.7763226831511705,5.526213063287885,9.466868976101523
0.24,6.875493541569878,6.272147186092352,5.776322683151172,1.0016600626732008,5.873833478896677,11.266868976101522
0.26,7.448451336700701,6.590400759997596,6.001660062673202,1.2629974421952312,6.18545389450547,13.066868976101523
0.28,8.021409131831527,7.345887878250345,6.262997442195232,1.5603348217172617,6.461074310114266,14.866868976101522
0.3,8.594366926962348,8.090288582664664,6.560334821717262,1.8936722012392921,6.700694725723055,16.666868976101522
0.32,9.167324722093172,8.578696514094386,6.893672201239293,2.2630095807613224,6.90431514133185,18.46686897610152
0.34,9.740282517223996,9.019553073099754,7.263009580761323,2.668346960283353,7.071935556940643,20.26686897610152
0.36,10.313240312354816,9.4425260166955,7.668346960283353,3.109684339805383,7.203555972549434,22.066868976101517
0.38,10.886198107485642,9.930144438604271,8.109684339805385,3.5870217193274136,7.2991763881582274,23.866868976101518
0.4,11.459155902616466,10.72720481441647,8.587021719327414,4.100359098849444,7.35879680376702,25.66686897610152
0.42,12.032113697747286,11.325005177240593,9.100359098849445,4.649696478371475,7.38241721937581,27.466868976101516
0.44,12.605071492878109,12.149061811205463,9.649696478371476,5.235033857893506,7.370037634984603,29.26686897610152
0.46,13.178029288008933,12.747184608164105,10.235033857893507,5.856371237415536,7.321658050593396,31.06686897610152
0.48,13.750987083139758,13.1999771670088,10.856371237415537,6.513708616937567,7.237278466202192,32.86686897610152
0.5,14.32394487827058,13.605475441771352,11.513708616937569,7.207045996459597,7.116898881810983,34.666868976101526
0.52,14.896902673401405,14.101223705881928,12.207045996459598,7.936383375981629,6.960519297419776,36.46686897610153
0.54,15.469860468532229,14.923710861604167,12.93638337598163,8.701720755503661,6.768139713028567,38.266868976101534
0.56,16.04281826366305,15.777468035973424,13.701720755503661,9.503058135025691,6.53976012863736,40.06686897610153
0.58,16.615776058793873,16.28089244253887,14.503058135025691,10.340395514547723,6.275380544246149,41.866868976101536
0.6,17.188733853924695,17.050989626568395,15.340395514547723,11.213732894069755,5.975000959854942,43.66686897610154
0.62,17.761691649055525,17.111505698412213,16.213732894069757,12.123070273591786,5.638621375463737,45.466868976101544
0.64,18.334649444186343,17.686714942135357,17.123070273591786,13.068407653113818,5.2662417910725265,47.26686897610154
0.66,18.907607239317166,18.6371818732295,18.06840765311382,14.04974503263585,4.857862206681319,49.066868976101546
0.68,19.480565034447988,19.203878827336208,19.04974503263585,15.06708241215788,4.413482622290108,50.86686897610155
0.7000000000000001,20.053522829578817,19.460038104657645,19.460038104657645,16.11604907266591,3.937473756912908,52.44833302540147
0.72,20.626480624709636,20.57620969011323,20.57620969011323,17.19712888961956,3.429351735090075,54.0539908476825
0.74,21.199438419840458,21.505451361957675,21.505451361957675,18.309228628374044,2.8902097914664155,55.60498693772422
0.76,21.772396214971284,21.678400081057003,21.678400081057003,19.445586401587846,2.326809813383437,56.81788866069008
0.78,22.345354010102103,22.18197557046517,22.18197557046517,20.601646176817564,1.74370783328454,57.80298876148592
0.8,22.918311805232932,22.83184515151736,22.83184515151736,21.77376338466512,1.1445484205678107,58.60586039237785
0.8200000000000001,23.491269600363754,23.641560801064642,23.641560801064642,22.959328733910752,0.531940866453002,59.27826746228168
0.84,24.064227395494576,24.0178817471955,24.0178817471955,24.152515664852036,-0.08828826935746081,59.659346547064196
0.86,24.6371851906254,23.96454439893752,23.96454439893752,25.344349202678735,-0.7071640120533368,59.59167689133497
0.88,25.210142985756228,24.48496871670268,24.48496871670268,26.529995201006408,-1.3198522152501804,59.2822999163836
0.9,25.783100780887047,25.333125666918875,25.333125666918875,27.70702373868865,-1.9239229578016042,58.85142688411209
0.92,26.35605857601787,26.11937803412879,26.11937803412879,28.87262122729806,-2.51656265128019,58.27987443047053
0.9400000000000001,26.9290163711487,26.38401402089349,26.38401402089349,30.020300744021355,-3.0912843728726584,57.383975836164886
0.96,27.501974166279517,27.07462265451706,27.07462265451706,31.14677137850022,-3.6447972122207024,56.32353172394334
0.98,28.07493196141034,27.412376299710196,27.412376299710196,32.2463543684118,-4.171422407001459,54.97914949557893
1.0,28.64788975654116,28.222515091380785,28.222515091380785,33.31696571552875,-4.669075958987594,53.530567355847765
1.02,29.22084755167198,28.497427497758338,28.497427497758338,34.352876387477764,-5.1320288358057855,51.795533597450415
1.04,29.79380534680281,29.458584476110726,29.458584476110726,35.35354815766493,-5.55974281086212,50.03358850935828
1.06,30.366763141933625,30.24929674357596,30.353548157664928,36.3182199278521,-5.95145678591847,48.23358850935828
1.08,30.93972093706445,30.88410905064616,31.318219927852095,37.24689169803926,-6.307170760974813,46.43358850935828
1.1,31.51267873219528,31.807857053663273,32.24689169803926,38.13956346822643,-6.6268847360311485,44.633588509358276
1.12,32.085636527326095,31.79639659289749,33.13956346822643,38.99623523841359,-6.910598711087495,42.83358850935827
1.1400000000000001,32.65859432245693,32.49775295514387,33.99623523841359,39.81690700860076,-7.158312686143833,41.03358850935827
1.16,33.231552117587746,33.10107626093243,34.81690700860076,40.601578778787925,-7.370026661200183,39.23358850935826
1.18,33.80450991271857,33.73049538871887,35.601578778787925,41.35025054897509,-7.545740636256524,37.433588509358266
1.2,34.37746770784939,34.63933167790668,36.35025054897509,42.062922319162254,-7.685454611312864,35.63358850935826
1.22,34.95042550298022,35.10725560823449,37.062922319162254,42.73959408934942,-7.789168586369203,33.83358850935826
1.24,35.52338329811104,35.6613674613899,37.73959408934942,43.380265859536586,-7.856882561425546,32.03358850935825
1.26,36.09634109324186,36.51407611416559,38.380265859536586,43.98493762972375,-7.888596536481887,30.233588509358253
1.28,36.66929888837269,37.07631042502844,38.98493762972375,44.55360939991091,-7.884310511538227,28.433588509358255
1.3,37.24225668350351,37.733486645924124,39.55360939991091,45.086281170098076,-7.844024486594566,26.633588509358255
1.32,37.81521447863433,38.49567482188308,40.086281170098076,45.582952940285246,-7.767738461650909,24.833588509358258
1.34,38.38817227376516,38.718929574413714,40.582952940285246,46.04362471047241,-7.655452436707251,23.033588509358257
1.36,38.96113006889598,39.31029387980599,41.04362471047241,46.468296480659575,-7.507166411763591,21.233588509358256
1.3800000000000001,39.53408786402681,40.335544480179536,41.468296480659575,46.856968250846734,-7.3228803868199295,19.43358850935826
1.4000000000000001,40.10704565915763,40.459409326483986,41.856968250846734,47.209640021033906,-7.102594361876273,17.63358850935826
1.42,40.680003454288446,41.192900424759074,42.2096400210339,47.52631179122107,-6.846308336932621,15.83358850935826
1.44,41.252961249419265,42.14378336918277,42.52631179122107,47.80698356140823,-6.554022311988967,14.03358850935826
1.46,41.8259190445501,42.385882220402465,42.80698356140823,48.05165533159539,-6.225736287045299,12.23358850935826
1.48,42.398876839680916,43.04483912218564,43.05165533159539,48.26032710178256,-5.861450262101642,10.43358850935826
1.5,42.971834634811735,43.66967446813252,43.66967446813252,48.435946173007444,-5.464111538195709,8.780953561244246
1.52,43.54479242994256,43.75960538042417,43.75960538042417,48.57789559052573,-5.0331031605831695,7.097470875914268
1.54,44.11775022507339,44.47830497578249,44.47830497578249,48.69032795561787,-4.572577730544475,5.621618254606703
1.56,44.69070802020421,44.88991110838766,44.88991110838766,48.77539731940994,-4.084689299205725,4.253468189603828
1.58,45.26366581533504,45.381181375162576,45.381181375162576,48.83602832840343,-3.572362513068394,3.0315504496747794
1.6,45.836623610465864,46.017585419987014,46.017585419987014,48.876366548456325,-3.0397429379904652,2.0169110026448696
1.62,46.40958140559669,46.29717010704857,46.29717010704857,48.89813455413109,-2.4885531485343986,1.0884002837380782
1.6400000000000001,46.98253920072751,46.89942701614805,46.89942701614805,48.905511865532375,-1.9229726648048675,0.3688655700641849
1.6600000000000001,47.555496995858334,47.6013362836085,47.6013362836085,48.9034991127438,-1.3480021168854728,-0.10063763942841181
1.68,48.12845479098915,48.25035243817154,48.25035243817154,48.896783703898315,-0.7683289129091662,-0.3357704422744274
1.7,48.70141258611997,48.81908291045368,48.81908291045368,48.889508849340025,-0.18809626322005052,-0.3637427279144957
1.72,49.2743703812508,49.063549107602256,49.063549107602256,48.883487084641224,0.3908832966095735,-0.30108823494009174
1.74,49.84732817638162,49.56171812581527,49.56171812581527,48.882348583438876,0.9649795929427466,-0.056925060117434756
1.76,50.42028597151244,50.64003600125072,50.64003600125072,48.89386543164477,1.5264205398676745,0.5758424102948307
1.78,50.99324376664327,51.14368072797257,51.14368072797257,48.921580949984225,2.0716628166590403,1.3857759169728394
1.8,51.56620156177409,51.88840720960923,51.88840720960923,48.97065761739299,2.5955439443811046,2.45383337043784
1.82,52.13915935690491,52.437352751307216,52.437352751307216,49.044694489765924,3.0944648671389894,3.701843618646963
1.84,52.71211715203574,52.74591160300134,52.74591160300134,49.145380125354166,3.5667370266815768,5.034281779411712
1.86,53.28507494716656,53.40592257276734,53.40592257276734,49.27674166656377,4.008333280602787,6.568077060480456
1.8800000000000001,53.85803274229739,54.192386503111486,54.192386503111486,49.44349585059652,4.414536891700867,8.337709201637633
1.9000000000000001,54.4309905374282,54.42210143217575,54.42210143217575,49.64609599481664,4.784894542611561,10.130007211006157
1.92,55.00394833255903,55.19010032322296,54.64609599481664,49.88469613903677,5.119252193522262,11.930007211006156
1.94,55.57690612768985,55.93489229332965,54.88469613903677,50.15929628325689,5.41760984443296,13.730007211006157
1.96,56.14986392282068,55.91142300156132,55.15929628325689,50.46989642747701,5.67996749534367,15.530007211006156
1.98,56.7228217179515,56.90595985645433,55.46989642747701,50.81649657169714,5.906325146254365,17.330007211006155
2.0,57.29577951308232,57.78053897793315,55.81649657169714,51.19909671591726,6.096682797165065,19.130007211006156
2.02,57.86873730821315,58.264618147556014,56.19909671591726,51.617696860137386,6.251040448075763,20.930007211006153
2.04,58.44169510334397,58.78056250553633,56.617696860137386,52.0722970043575,6.3693980989864665,22.730007211006154
2.06,59.01465289847479,59.25769023932812,57.0722970043575,52.562897148577626,6.451755749897168,24.53000721100615
2.08,59.58761069360562,59.55446190226473,57.562897148577626,53.08949729279775,6.498113400807868,26.33000721100615
2.1,60.160568488736445,59.96864935871079,58.08949729279775,53.65209743701787,6.508471051718566,28.130007211006152
2.12,60.73352628386726,60.32782344697017,58.65209743701787,54.25069758123799,6.48282870262927,29.93000721100615
2.14,61.30648407899809,61.33997930422379,59.25069758123799,54.885297725458116,6.421186353539972,31.730007211006154
2.16,61.879441874128915,61.79815535812667,59.885297725458116,55.55589786967824,6.323544004450672,33.53000721100616
2.18,62.452399669259734,62.30104982522788,60.55589786967823,56.262498013898366,6.18990165536137,35.330007211006155
2.2,63.02535746439056,62.97787712566368,61.26249801389837,57.005098158118486,6.020259306272074,37.13000721100615
2.22,63.598315259521385,63.99517918904989,62.00509815811849,57.783698302338614,5.814616957182769,38.930007211006156
2.24,64.1712730546522,64.89237588678523,62.78369830233862,58.598298446558736,5.572974608093469,40.73000721100616
2.2600000000000002,64.74423084978304,65.5001865413403,63.59829844655873,59.44889859077886,5.295332259004174,42.53000721100616
2.2800000000000002,65.31718864491386,65.83156423844923,64.44889859077885,60.335498734998986,4.981689909914871,44.330007211006155
2.3000000000000003,65.89014644004467,65.83583276666981,65.33549873499898,61.258098879219105,4.632047560825573,46.130007211006145
2.32,66.46310423517549,66.80258138837283,66.25809887921912,62.216699023439226,4.246405211736267,47.93000721100615
2.34,67.03606203030631,67.0400173729395,67.0400173729395,63.21002705977574,3.82603497053057,49.66640181682625
2.36,67.60901982543714,67.6200692924538,67.6200692924538,64.23510740018754,3.3739124252495927,51.254017020590354
2.38,68.18197762056796,68.4888035179741,68.4888035179741,65.29081435264742,2.8911632679205415,52.78534762299352
2.4,68.75493541569878,69.25895581869308,69.25895581869308,66.37509192366282,2.3798434920359637,54.213878550769955
2.42,69.32789321082961,69.49166997992927,69.49166997992927,67.48180885668334,1.846084354146264,55.335846651025875
2.44,69.90085100596043,70.22274902322174,70.22274902322174,68.60826055890294,1.2925904470574894,56.322585110979695
2.46,70.47380880109125,70.9842955767683,70.9842955767683,69.75181971325117,0.7219890878400841,57.17795771741122
2.48,71.04676659622208,71.75602343683529,71.75602343683529,70.9098091344092,0.13695746181288296,57.89947105790151
2.5,71.6197243913529,72.46919487911592,72.46919487911592,72.07902613292912,-0.4593017415762149,58.46084992599593
2.52,72.19268218648372,72.80599618420652,72.80599618420652,73.25347731581823,-1.0607951293345068,58.722559144455786
2.54,72.76563998161456,73.16004979885115,73.16004979885115,74.42725582058519,-1.66161583897063,58.688925238347636
2.56,73.33859777674537,73.72765649412109,73.72765649412109,75.59599721020159,-2.2573994334562153,58.43706948082056
2.58,73.91155557187619,74.36486612909478,74.36486612909478,76.75587445603404,-2.8443188841578304,57.9938622916221
2.6,74.48451336700703,74.9867488020396,74.9867488020396,77.90301399715771,-3.4185006301506924,57.356977056184114
2.62,75.05747116213784,75.20500967214791,75.20500967214791,79.03072790714133,-3.9732567450034795,56.385695499180585
2.64,75.63042895726866,75.30843079836474,75.30843079836474,80.13164127794174,-4.501212320673074,55.04566854002102
2.66,76.2033867523995,76.33884134420643,76.33884134420643,81.20524648921926,-5.001859736819769,53.6802605638763
2.68,76.77634454753031,77.01751914217992,77.01751914217992,82.24870006359811,-5.472355516067785,52.17267871894214
2.7,77.34930234266115,77.48302046073916,77.48302046073916,83.25784074483636,-5.90853840217522,50.45703406191292
2.72,77.92226013779197,78.2764078130766,78.2764078130766,84.23111510896595,-6.308854971173988,48.6637182064794
2.74,78.49521793292278,79.18723796083248,79.23111510896595,85.16838947309553,-6.673171540172747,46.863718206479405
2.7600000000000002,79.06817572805362,79.6688657123722,80.16838947309554,86.06966383722512,-7.001488109171512,45.06371820647941
2.7800000000000002,79.64113352318444,80.21473128476575,81.06966383722514,86.93493820135471,-7.293804678170281,43.26371820647941
2.8000000000000003,80.21409131831525,79.98076962772673,81.93493820135471,87.7642125654843,-7.550121247169042,41.463718206479406
2.82,80.78704911344607,80.43004343705121,82.76421256548431,88.55748692961389,-7.770437816167822,39.66371820647941
2.84,81.36000690857689,81.11022794205013,83.5574869296139,89.31476129374347,-7.95475438516658,37.86371820647941
2.86,81.93296470370773,82.58374600941175,84.31476129374347,90.03603565787306,-8.103070954165343,36.06371820647942
2.88,82.50592249883854,82.81509538983408,85.03603565787306,90.72131002200265,-8.215387523164111,34.26371820647942
2.9,83.07888029396936,83.58089366848878,85.72131002200264,91.37058438613224,-8.29170409216287,32.46371820647941
2.92,83.6518380891002,83.90195147105635,86.37058438613222,91.98385875026183,-8.332020661161636,30.66371820647941
2.94,84.22479588423101,84.13468376642972,86.98385875026183,92.56113311439142,-8.336337230160405,28.863718206479415
2.96,84.79775367936183,84.7556892281697,87.56113311439142,93.102407478521,-8.304653799159166,27.063718206479415
2.98,85.37071147449267,86.04435269144447,88.102407478521,93.60768184265059,-8.236970368157932,25.263718206479417
3.0,85.94366926962348,86.85001568669303,88.60768184265059,94.07695620678018,-8.13328693715669,23.463718206479413
3.02,86.5166270647543,87.19095790529435,89.07695620678018,94.51023057090975,-7.993603506155453,21.663718206479412
3.04,87.08958485988514,87.33318480547067,89.51023057090977,94.90750493503936,-7.8179200751542215,19.863718206479415
3.06,87.66254265501595,87.64638670203003,89.90750493503934,95.26877929916894,-7.606236644152981,18.06371820647941
3.08,88.23550045014677,87.85045225203505,90.26877929916894,95.59405366329852,-7.358553213151746,16.263718206479414
3.1,88.8084582452776,88.57586393190762,90.59405366329852,95.88332802742812,-7.0748697821505155,14.463718206479413
3.12,89.38141604040842,89.3018274448635,90.8833280274281,96.1366023915577,-6.755186351149277,12.66371820647941
3.14,89.95437383553924,90.0833271541457,91.13660239155772,96.3538767556873,-6.399502920148043,10.863718206479414
3.16,90.52733163067008,91.07562998695991,91.3538767556873,96.53515111981687,-6.007819489146802,9.063718206479415
3.18,91.1002894258009,91.46629450298548,91.53515111981689,96.68042548394646,-5.580136058145564,7.2637182064794175
3.2,91.67324722093173,92.2028854293133,92.2028854293133,96.7934615596827,-5.120214338750975,5.651803786811476
3.22,92.24620501606255,92.81371124908742,92.81371124908742,96.87784343318265,-4.631638417120096,4.219093674997174
3.24,92.81916281119337,93.22770271836137,93.22770271836137,96.93594429353587,-4.116781482342496,2.905043017661514
3.2600000000000002,93.3921206063242,93.85631586379525,93.85631586379525,96.97187182919497,-3.579751222870768,1.7963767829548893
3.2800000000000002,93.96507840145502,94.34785792922943,94.34785792922943,96.98890646477432,-3.0238280633192964,0.8517317789673017
3.3000000000000003,94.53803619658584,95.1412468795007,95.1412468795007,96.99263795133969,-2.454601754753844,0.18657432826879972
3.3200000000000003,95.11099399171667,96.0459447621432,96.0459447621432,96.98955324694285,-1.8785592552261796,-0.15423521984193508
3.34,95.68395178684747,96.63749856744087,96.63749856744087,96.98393374885359,-1.2999819620061122,-0.2809749044626433
3.36,96.2569095819783,96.85875699056362,96.85875699056362,96.97741297810465,-0.7205033961263533,-0.3260385374470292
3.38,96.82986737710912,97.2433102050831,97.2433102050831,96.97280666738996,-0.14293929028083854,-0.2303155357347885
3.4,97.40282517223994,98.21652512934547,98.21652512934547,96.97715512960134,0.4256700426386071,0.2174231105691953
3.42,97.97578296737078,98.97967288422925,98.97967288422925,96.99592171964605,0.9798612477247277,0.9383295022352396
3.44,98.5487407625016,99.46647126068474,99.46647126068474,97.03247626638623,1.516264496115367,1.8277273370091738
3.46,99.12169855763241,99.83374148374963,99.83374148374963,97.08919992269142,2.032498634940994,2.8361828152600026
3.48,99.69465635276325,100.56077830907921,100.56077830907921,97.17091894337861,2.5237374093846268,4.085951034359605
3.5,100.26761414789407,101.11232332145212,101.11232332145212,97.28101607558793,2.986598072306133,5.504856610466071
3.52,100.84057194302488,101.08676658107305,101.08676658107305,97.41851461143675,3.422057331588138,6.8749267924407125
3.54,101.41352973815572,101.83521425108032,101.83521425108032,97.587813384691,3.8257163534647085,8.464938662712393
3.56,101.98648753328654,102.89103185648395,102.587813384691,97.79311215794526,4.193375375341284,10.264938662712392
3.58,102.55944532841735,103.92108562162107,102.79311215794526,98.0344109311995,4.525034397217864,12.064938662712395
3.6,103.13240312354819,104.13220406147683,103.0344109311995,98.31170970445375,4.820693419094436,13.864938662712397
3.62,103.705360918679,104.58702605853334,103.31170970445375,98.625008477708,5.080352440971013,15.664938662712398
3.64,104.27831871380982,105.43363720379425,103.625008477708,98.97430725096224,5.304011462847595,17.4649386627124
3.66,104.85127650894066,106.27743087658801,103.97430725096223,99.35960602421649,5.491670484724169,19.264938662712396
3.68,105.42423430407148,106.16327331291615,104.35960602421648,99.78090479747073,5.643329506600748,21.064938662712397
3.7,105.99719209920231,106.66633796133627,104.78090479747074,100.23820357072498,5.758988528477318,22.864938662712397
3.72,106.57014989433313,107.1596705230257,105.23820357072498,100.73150234397923,5.838647550353894,24.664938662712398
3.74,107.14310768946395,107.34331452774597,105.73150234397923,101.26080111723347,5.882306572230474,26.4649386627124
3.7600000000000002,107.71606548459478,107.97732296371656,106.26080111723348,101.82609989048773,5.889965594107047,28.2649386627124
3.7800000000000002,108.2890232797256,108.32504671033344,106.82609989048773,102.42739866374197,5.861624615983624,30.0649386627124
3.8000000000000003,108.86198107485642,109.0147163396705,107.42739866374197,103.06469743699621,5.797283637860206,31.864938662712394
3.8200000000000003,109.43493886998725,109.51868153823908,108.06469743699623,103.73799621025046,5.69694265973678,33.664938662712395
3.84,110.00789666511805,110.61688044847811,108.73799621025046,104.4472949835047,5.560601681613346,35.46493866271239
3.86,110.58085446024889,111.0067563684821,109.4472949835047,105.19259375675897,5.388260703489917,37.26493866271239
3.88,111.1538122553797,111.58758140373835,110.19259375675895,105.97389253001322,5.179919725366492,39.064938662712386
3.9,111.72677005051052,112.04833942241022,110.97389253001322,106.79119130326745,4.935578747243073,40.86493866271239
3.92,112.29972784564136,112.40090295481484,111.79119130326747,107.6444900765217,4.655237769119645,42.664938662712395
3.94,112.87268564077218,112.97497750292641,112.6444900765217,108.53378884977595,4.338896790996222,44.46493866271239
3.96,113.445643435903,113.45833567993392,113.45833567993392,109.45854436020734,3.9870990756956606,46.23777552156926
3.98,114.01860123103383,114.44060821073586,114.44060821073586,110.41917073036252,3.5994305006712928,48.031318507759536
4.0,114.59155902616465,115.40371550564358,115.40371550564358,111.41568582289975,3.175873203264896,49.82575462686071
4.0200000000000005,115.16451682129548,115.94625042266334,115.94625042266334,112.44482098055526,2.7196958407402154,51.456757882775605
4.04,115.7374746164263,116.49419431205428,116.49419431205428,113.50311162619757,2.2343629902287265,52.914532282115246
4.0600000000000005,116.31043241155713,116.86065006374365,116.86065006374365,114.5855765485902,1.7248558629669315,54.12324611963183
4.08,116.88339020668793,117.55343007512872,117.55343007512872,115.68941001637391,1.1939801903140255,55.191673389185695
4.1,117.45634800181875,118.49211636142374,118.49211636142374,116.813422969842,0.6429250319767618,56.20064767340363
4.12,118.02930579694959,118.57930544668491,118.57930544668491,117.95015027714334,0.07915551980625726,56.83636536506709
4.14,118.6022635920804,118.94748603701831,118.94748603701831,119.09405840191576,-0.4917948098353669,57.19540623862208
4.16,119.17522138721124,119.11632059398944,119.11632059398944,120.23812681447114,-1.0629054272599108,57.2034206277686
4.18,119.74817918234204,120.37594488396908,120.37594488396908,121.38318751712691,-1.6350083347848612,57.25303513278786
4.2,120.32113697747289,120.72235811649787,120.72235811649787,122.52349024809814,-2.2023532706252626,57.0151365485614
4.22,120.8940947726037,121.52763482043213,121.52763482043213,123.65662281999018,-2.762528047386476,56.656628594601635
4.24,121.46705256773453,122.29980421764444,122.29980421764444,124.77998629794533,-3.3129337302107937,56.16817389775717
4.26,122.04001036286535,122.92543113575881,122.92543113575881,125.88999697873273,-3.849986615867378,55.500534039370024
4.28,122.61296815799618,123.66440063750457,123.66440063750457,126.9839833658633,-4.371015207867112,54.69931935652788
4.3,123.18592595312698,123.9897859837557,123.9897859837557,128.05641153184266,-4.870485578715676,53.62140829896915
4.32,123.75888374825783,124.63465776815856,124.63465776815856,129.1042030707235,-5.345319322465689,52.38957694404287
4.34,124.33184154338863,125.03310485204317,125.03310485204317,130.12268270242987,-5.790841159041233,50.92398158531795
4.36,124.90479933851947,125.67346927404114,125.67346927404114,131.10912799745185,-6.204328658932368,49.322264751098004
4.38,125.47775713365029,126.05814124130204,126.10912799745185,132.0595732924738,-6.58181615882352,47.522264751098014
4.4,126.05071492878112,126.16495651277579,127.05957329247381,132.97401858749575,-6.923303658714639,45.72226475109802
4.42,126.62367272391194,126.88973479056202,127.97401858749576,133.85246388251772,-7.228791158605801,43.92226475109802
4.44,127.19663051904277,127.77183301132918,128.85246388251772,134.6949091775397,-7.498278658496929,42.12226475109802
4.46,127.76958831417357,128.47705527904174,129.6949091775397,135.50135447256164,-7.731766158388075,40.322264751098025
4.48,128.3425461093044,129.15112228885516,130.50135447256167,136.27179976758362,-7.929253658279187,38.52226475109803
4.5,128.91550390443524,129.34005250582166,131.27179976758362,137.00624506260556,-8.090741158170342,36.72226475109803
4.5200000000000005,129.48846169956607,129.9979918945154,132.0062450626056,137.70469035762753,-8.216228658061464,34.92226475109804
4.54,130.06141949469688,131.12802009258854,132.70469035762753,138.36713565264947,-8.305716157952604,33.122264751098044
4.5600000000000005,130.6343772898277,131.48736146769295,133.3671356526495,138.99358094767143,-8.359203657843736,31.322264751098047
4.58,131.20733508495852,132.52389016520303,133.99358094767146,139.5840262426934,-8.376691157734884,29.52226475109805
4.6000000000000005,131.78029288008935,132.8765770240404,134.5840262426934,140.13847153771536,-8.358178657626,27.72226475109805
4.62,132.35325067522018,133.03646417628832,135.13847153771536,140.65691683273732,-8.303666157517158,25.92226475109805
4.64,132.92620847035099,133.46794989636368,135.65691683273732,141.13936212775928,-8.21315365740831,24.12226475109805
4.66,133.49916626548182,133.94887169799372,136.13936212775928,141.58580742278124,-8.086641157299427,22.32226475109805
4.68,134.07212406061262,134.85139817966484,136.58580742278124,141.9962527178032,-7.924128657190587,20.522264751098053
4.7,134.64508185574346,135.41160025419765,136.99625271780323,142.3706980128252,-7.725616157081714,18.722264751098052
4.72,135.2180396508743,135.91459762256105,137.3706980128252,142.70914330784714,-7.491103656972858,16.922264751098055
4.74,135.79099744600512,136.3470267756533,137.70914330784714,143.0115886028691,-7.220591156863994,15.122264751098054
4.76,136.36395524113593,137.18990835101968,138.01158860286912,143.27803389789108,-6.914078656755149,13.322264751098055
4.78,136.93691303626676,137.9953116392883,138.27803389789108,143.50847919291303,-6.571566156646269,11.522264751098058
4.8,137.50987083139756,138.56106180029334,138.56106180029334,143.70330308270815,-6.193432251310566,9.74119448975497
4.82,138.0828286265284,139.35974414849244,139.35974414849244,143.86685334817687,-5.784024721648473,8.177513273437313
4.84,138.65578642165923,139.82812970665032,139.82812970665032,144.00132480342663,-5.345538381767412,6.7235727624877475
4.86,139.22874421679006,140.45091467304437,140.45091467304437,144.11023330573764,-4.881489088947582,5.445425115550133
4.88,139.80170201192087,140.52636547401588,140.52636547401588,144.19333795966025,-4.391635947739378,4.1552326961302954
4.9,140.3746598070517,141.3427855497644,141.3427855497644,144.2559186362316,-3.8812588291798926,3.129033828567785
4.92,140.9476176021825,141.98431733658876,141.98431733658876,144.30214378344553,-3.354526181263021,2.311257360696364
4.94,141.52057539731334,142.41463265426552,142.41463265426552,144.33477885052937,-2.814203453216021,1.6317533541915548
4.96,142.09353319244417,142.93077512500366,142.93077512500366,144.35730509078942,-2.2637718983452646,1.1263120130022997
4.98,142.666490987575,143.24774296244274,143.24774296244274,144.37184248372537,-1.7053514961503826,0.7268696467974933
5.0,143.2394487827058,143.80787365864842,143.80787365864842,144.3823193011208,-1.1428705184149734,0.5238408697697885
5.0200000000000005,143.81240657783664,144.59423173691093,144.59423173691093,144.39432188805387,-0.5819153102172117,0.6001293466542434
5.04,144.38536437296744,145.3144074461789,145.3144074461789,144.41294909100546,-0.027584718037991594,0.9313601475792642
5.0600000000000005,144.95832216809828,145.75835237925483,145.75835237925483,144.44126319763242,0.5170589704658706,1.4157053313490409
5.08,145.5312799632291,146.5007408162427,146.5007408162427,144.48440554311338,1.046874420115719,2.157117274048747
5.1000000000000005,146.10423775835994,146.80826747979253,146.80826747979253,144.54427969453846,1.559958063821485,2.993707571253237
5.12,146.67719555349075,147.66676492671132,147.66676492671132,144.62663573963516,2.0505598138555947,4.117802254835471
5.14,147.25015334862155,148.2212278820859,148.2212278820859,144.7348728481575,2.515280500464054,5.411855426117743
5.16,147.82311114375239,148.8568767008533,148.8568767008533,144.87278838441927,2.9503227593331265,6.895776813088221
5.18,148.39606893888322,149.54023382073103,149.54023382073103,145.0443095278225,3.351759411060718,8.576057170160455
5.2,148.96902673401405,150.45335607702057,150.0443095278225,145.2518306712257,3.7171960627883522,10.376057170160454
5.22,149.54198452914486,150.54695719223918,150.2518306712257,145.4953518146289,4.046632714515953,12.176057170160451
5.24,150.1149423242757,150.76714151176841,150.4953518146289,145.77487295803212,4.340069366243571,13.976057170160448
5.26,150.6879001194065,151.17846837340474,150.77487295803212,146.09039410143532,4.597506017971182,15.776057170160447
5.28,151.26085791453733,151.830708847974,151.09039410143532,146.44191524483853,4.81894266969881,17.576057170160446
5.3,151.83381570966816,152.8614269758074,151.44191524483853,146.82943638824176,5.004379321426405,19.376057170160447
5.32,152.406773504799,153.34176570152806,151.82943638824173,147.25295753164494,5.1538159731540425,21.176057170160444
5.34,152.9797312999298,154.41589166598806,152.25295753164494,147.71247867504815,5.267252624881647,22.976057170160445
5.36,153.55268909506063,154.61703630807867,152.71247867504815,148.20799981845136,5.344689276609269,24.776057170160442
5.38,154.12564689019143,154.64142373282027,153.20799981845136,148.73952096185457,5.386125928336882,26.576057170160443
5.4,154.6986046853223,155.66623930647953,153.73952096185457,149.30704210525778,5.391562580064513,28.376057170160443
5.42,155.2715624804531,155.8806374006576,154.30704210525775,149.910563248661,5.360999231792111,30.176057170160437
5.44,155.84452027558393,157.00025590390547,154.91056324866096,150.5500843920642,5.294435883519727,31.976057170160434
5.46,156.41747807071474,157.14937142887896,155.5500843920642,151.2256055354674,5.1918725352473345,33.77605717016043
5.48,156.99043586584557,157.62516194131024,156.2256055354674,151.9371266788706,5.05330918697496,35.576057170160425
5.5,157.56339366097637,158.3619125619906,156.9371266788706,152.68464782227383,4.878745838702551,37.37605717016042
5.5200000000000005,158.13635145610723,158.7599134439397,157.68464782227383,153.46816896567705,4.668182490430185,39.17605717016042
5.54,158.70930925123804,159.24685247587527,158.46816896567702,154.28769010908024,4.421619142157787,40.976057170160416
5.5600000000000005,159.28226704636887,160.03603878278034,159.28769010908024,155.14321125248347,4.139055793885405,42.77605717016041
5.58,159.85522484149968,160.693180019226,160.14321125248347,156.03473239588666,3.820492445613016,44.57605717016041
5.6000000000000005,160.4281826366305,160.82748933287405,160.82748933287405,156.96076138923618,3.4674212473943253,46.301449667475865
5.62,161.00114043176134,161.54297231984353,161.54297231984353,157.9197823012861,3.081358130475246,47.9510456024945
5.64,161.57409822689215,162.3982830630836,162.3982830630836,158.9110484188209,2.6630498080712206,49.5633058767416
5.66,162.14705602202298,163.3216237745917,163.3216237745917,159.9340706789173,2.212985343105681,51.15111300481908
5.68,162.72001381715378,163.5475305087091,163.5475305087091,160.98310984978818,1.7369039673656168,52.45195854354412
5.7,163.29297161228462,164.26024425288344,164.26024425288344,162.05574438836135,1.2372272239232895,53.63172692865842
5.72,163.86592940741545,164.77920667447935,164.77920667447935,163.14798785539455,0.7179415520208942,54.612173351660914
5.74,164.43888720254628,165.34120556827523,165.34120556827523,164.25602248996051,0.1828647125857609,55.40173172829796
5.76,165.0118449976771,166.10432306023563,166.10432306023563,165.37736488863246,-0.3655198909553676,56.067119933597
5.78,165.58480279280792,166.840362355044,166.840362355044,166.50924086906255,-0.924438076254623,56.59379902150515
5.8,166.15776058793872,167.31019216898503,167.31019216898503,167.64688369885206,-1.489123110913348,56.88214148947724
5.82,166.73071838306956,167.75920974172087,167.75920974172087,168.78533527615028,-2.0546168930807043,56.92257886491001
5.84,167.3036761782004,167.831992767371,167.831992767371,169.91692278738526,-2.6132466091848703,56.57937556174946
5.86,167.87663397333122,168.50591850998208,168.50591850998208,171.03835106782293,-3.161717094491712,56.07141402188432
5.88,168.44959176846203,169.13419898056554,169.13419898056554,172.14606945323237,-3.6964776847703313,55.38591927047167
5.9,169.02254956359286,169.51411927203813,169.51411927203813,173.2348377973372,-4.212288233744339,54.43841720524174
5.92,169.59550735872367,170.05984433769683,170.05984433769683,174.30074618853263,-4.705238829808942,53.295419559771204
5.94,170.1684651538545,170.68331163057874,170.68331163057874,175.34060905091079,-5.172143897056272,51.99314311890781
5.96,170.74142294898533,171.24616148016707,171.24616148016707,176.35099189077957,-5.6095689417942545,50.51914199344009
5.98,171.31438074411616,172.0057145217891,172.0057145217891,177.33008873359162,-6.015707989475477,48.95484214060351
6.0,171.88733853924697,172.90300648533466,172.90300648533466,178.27731058421625,-6.389972044969278,47.361092531231
6.0200000000000005,172.4602963343778,173.1742497146813,173.27731058421625,179.18853243484088,-6.728236100463072,45.56109253123101
6.04,173.0332541295086,173.67710124586694,174.18853243484088,180.0637542854655,-7.030500155956884,43.761092531231014
6.0600000000000005,173.60621192463944,174.23088328419064,175.0637542854655,180.9029761360901,-7.296764211450661,41.96109253123102
6.08,174.17916971977027,174.86772815974655,175.90297613609013,181.70619798671476,-7.527028266944482,40.16109253123102
6.1000000000000005,174.7521275149011,175.90353878850058,176.70619798671476,182.47341983733938,-7.72129232243827,38.36109253123102
6.12,175.3250853100319,176.23021344989658,177.47341983733938,183.204641687964,-7.879556377932075,36.561092531231026
6.140000000000001,175.89804310516274,176.80786217514094,178.204641687964,183.8998635385886,-8.001820433425847,34.76109253123103
6.16,176.47100090029355,177.76819557937068,178.8998635385886,184.5590853892132,-8.08808448891966,32.96109253123104
6.18,177.04395869542438,177.69661449716799,179.55908538921324,185.18230723983783,-8.138348544413468,31.161092531231038
6.2,177.6169164905552,178.5485384628712,180.18230723983785,185.76952909046244,-8.152612599907242,29.361092531231044
6.22,178.18987428568602,179.209463690344,180.76952909046244,186.32075094108708,-8.130876655401059,27.561092531231044
6.24,178.76283208081685,180.11424116914083,181.32075094108708,186.8359727917117,-8.07314071089484,25.761092531231043
6.26,179.33578987594765,180.60881101593066,181.8359727917117,187.3151946423363,-7.979404766388641,23.961092531231046
6.28,179.9087476710785,180.98646839598942,182.3151946423363,187.75841649296095,-7.8496688218824335,22.161092531231045
6.3,180.48170546620935,181.66049181070696,182.75841649296095,188.16563834358556,-7.683932877376218,20.361092531231048
6.32,181.05466326134018,181.92140429818812,183.16563834358556,188.53686019421016,-7.482196932869995,18.561092531231047
6.34,181.62762105647096,182.43719072966684,183.53686019421016,188.8720820448348,-7.24446098836384,16.761092531231046
6.36,182.2005788516018,182.89175124153022,183.8720820448348,189.17130389545943,-6.970725043857626,14.96109253123105
6.38,182.77353664673262,183.2337389360146,184.17130389545943,189.43452574608403,-6.660989099351404,13.16109253123105
6.4,183.34649444186346,184.15163155461556,184.43452574608403,189.66174759670866,-6.3152531548452,11.361092531231053
6.42,183.91945223699426,184.98869300927018,184.98869300927018,189.85532345430374,-5.9358712173094865,9.678792879753201
6.44,184.4924100321251,185.47061551354648,185.47061551354648,190.01732941472537,-5.5249193826002685,8.10029802108059
6.46,185.06536782725593,185.74190144413177,185.74190144413177,190.1485522937587,-5.083184466502779,6.561143951666899
6.48,185.63832562238676,186.21625829895595,186.21625829895595,190.25146265602945,-4.613137033642691,5.145518113537903
6.5,186.21128341751756,186.84770204258825,186.84770204258825,190.32986594188344,-4.118582524365877,3.9201642926990745
6.5200000000000005,186.7842412126484,187.26441731349766,187.26441731349766,190.38619799761304,-3.60195678496464,2.816602786480194
6.54,187.35719900777923,188.05628526573017,188.05628526573017,190.42575468167306,-3.068555673893838,1.9778342030023688
6.5600000000000005,187.93015680291006,188.36024860994897,188.36024860994897,190.45043972201668,-2.5202829191066325,1.2342520171816953
6.58,188.50311459804084,189.44267892839858,189.44267892839858,190.46786888464626,-1.9647542866054302,0.8714581314791714
6.6000000000000005,189.07607239317167,190.08749783779757,190.08749783779757,190.48255937573853,-1.4064869825668618,0.73452455461364
6.62,189.6490301883025,190.88348732060285,190.88348732060285,190.50013654803382,-0.8511063597313141,0.8788586147647887
6.640000000000001,190.22198798343337,191.73061964303585,191.73061964303585,190.52657319861314,-0.3045852151797849,1.3218325289655175
6.66,190.79494577856414,192.40653019070803,192.40653019070803,190.56654553953553,0.2284002390286026,1.998617046119678
6.68,191.36790357369497,192.71870136972518,192.71870136972518,190.6220134024353,0.7458901712596762,2.7733931449879505
6.7,191.9408613688258,192.81783042528434,192.81783042528434,190.69329114789957,1.2475702209262474,3.563887273213606
6.72,192.5138191639566,193.47206828054382,193.47206828054382,190.78457608871886,1.7292430752377292,4.564247040965535
6.74,193.08677695908744,194.12986885859883,194.12986885859883,190.89994713748132,2.186829821606124,5.768552438122319
6.76,193.65973475421828,194.9511048975874,194.9511048975874,191.04448652211653,2.6152482321017447,7.226969231760517
6.78,194.2326925493491,195.3517163893268,195.3517163893268,191.22003796179564,3.0126545875534605,8.777571983956221
6.8,194.8056503444799,196.01235548554342,196.01235548554342,191.43009408764576,3.3755562568341455,10.50280629250542
6.82,195.37860813961072,196.37388113319406,196.37388113319406,191.6757454802238,3.702862659386915,12.282569628902818
6.84,195.95156593474155,197.40866647585713,196.6757454802238,191.95739687280187,3.994169061939702,14.082569628902815
6.86,196.5245237298724,198.14884699153964,196.95739687280187,192.27504826537992,4.249475464492481,15.882569628902814
6.88,197.0974815250032,198.26777358205922,197.27504826537992,192.62869965795798,4.468781867045201,17.68256962890281
6.9,197.67043932013402,198.44441240058632,197.62869965795798,193.01835105053604,4.65208826959799,19.482569628902812
6.92,198.24339711526486,199.0009581367138,198.01835105053604,193.4440024431141,4.799394672150771,21.282569628902813
6.94,198.8163549103957,199.7568413471567,198.44400244311407,193.90565383569216,4.910701074703543,23.08256962890281
6.96,199.3893127055265,200.02267462232476,198.90565383569214,194.4033052282702,4.986007477256283,24.88256962890281
6.98,199.96227050065733,200.81303707509088,199.4033052282702,194.93695662084826,5.025313879809065,26.68256962890281
7.0,200.53522829578816,200.9980970304868,199.93695662084824,195.5066080134263,5.02862028236184,28.48256962890281
7.0200000000000005,201.108186090919,201.60439564231922,200.5066080134263,196.11225940600437,4.9959266849146315,30.282569628902806
7.04,201.68114388604977,201.9525019168384,201.11225940600434,196.7539107985824,4.927233087467365,32.0825696289028
7.0600000000000005,202.2541016811806,202.9353686668905,201.7539107985824,197.43156219116048,4.822539490020141,33.8825696289028
7.08,202.82705947631146,203.2301602614595,202.43156219116048,198.14521358373855,4.681845892572909,35.6825696289028
7.1000000000000005,203.4000172714423,203.88737472680347,203.14521358373852,198.8948649763166,4.505152295125694,37.48256962890279
7.12,203.97297506657307,204.93057580046968,203.8948649763166,199.68051636889464,4.292458697678422,39.282569628902785
7.140000000000001,204.5459328617039,205.9192851200179,204.68051636889464,200.50216776147272,4.043765100231191,41.08256962890278
7.16,205.11889065683474,206.39634210000725,205.50216776147272,201.35981915405077,3.759071502783978,42.88256962890278
7.18,205.69184845196554,207.62002272974445,206.35981915405077,202.25347054662882,3.4383779053367065,44.682569628902776
7.2,206.26480624709637,207.71346942182024,207.25347054662882,203.1831219392069,3.081684307889478,46.48256962890277
7.22,206.8377640422272,208.0023897196944,208.0023897196944,204.14747205980444,2.6902919824227487,48.21750602987828
7.24,207.41072183735804,208.48347089449277,208.48347089449277,205.14304137201177,2.2676804653462668,49.77846561036608
7.26,207.98367963248882,208.95507972750713,208.95507972750713,206.16605736037866,1.817622272110168,51.1507994183444
7.28,208.55663742761965,209.37628676545862,209.37628676545862,207.21218700046214,1.3444504271575326,52.30648200417318
7.3,209.1295952227505,209.70218106324327,209.70218106324327,208.27624459779761,0.8533506249528763,53.202879866774396
7.32,209.70255301788134,210.19305252085442,210.19305252085442,209.35410321217913,0.34844980570221157,53.89293071907484
7.34,210.27551081301212,210.44141580624944,210.44141580624944,210.43979047723792,-0.16427966422580703,54.28436325294015
7.36,210.84846860814295,211.03181935583953,211.03181935583953,211.52974035022268,-0.6812717420797119,54.49749364923673
7.38,211.42142640327378,211.47553022105933,211.47553022105933,212.61929991027742,-1.1978735070036353,54.47797800273793
7.4,211.99438419840462,212.34380478093198,212.34380478093198,213.7068759054009,-1.7124917069962617,54.37879975617356
7.42,212.56734199353548,212.89129572136116,212.89129572136116,214.7885797231993,-2.2212377296638173,54.08519088991926
7.44,213.14029978866625,213.78400381205276,213.78400381205276,215.8630505944374,-2.722750805771155,53.72354356190652
7.46,213.7132575837971,214.16945219383075,214.16945219383075,216.92532755719117,-3.2120699733940703,53.113848137688116
7.48,214.28621537892792,214.89053374871423,214.89053374871423,217.9729540045239,-3.6867386255959733,52.381322366636425
7.5,214.8591731740587,215.34422927880067,215.34422927880067,219.0016536338314,-4.142480459772696,51.43498146537607
7.5200000000000005,215.43213096918956,216.11810681111854,216.11810681111854,220.00959172601537,-4.577460756825838,50.39690460919943
7.54,216.0050887643204,217.01283272098536,217.01283272098536,220.99595315336316,-4.990864389042779,49.31807136738862
7.5600000000000005,216.57804655945122,217.32497273070956,217.32497273070956,221.95588352166783,-5.377836962216606,47.996518415233325
7.58,217.151004354582,218.11060147412763,218.11060147412763,222.8881278592302,-5.737123504648202,46.61221687811886
7.6000000000000005,217.72396214971283,218.27517994201983,218.27517994201983,223.78715897178867,-6.063196822075827,44.95155562792313
7.62,218.29691994484367,218.55828795445493,218.78715897178867,224.65019008434712,-6.3532701395034445,43.15155562792313
7.640000000000001,218.86987773997453,218.8415896947784,219.65019008434712,225.4772211969056,-6.607343456931079,41.35155562792313
7.66,219.4428355351053,219.60171131542495,220.4772211969056,226.26825230946406,-6.825416774358757,39.551555627923136
7.68,220.01579333023614,220.50859795815526,221.26825230946406,227.0232834220225,-7.0074900917863765,37.75155562792314
7.7,220.58875112536697,220.98692824476748,222.02328342202253,227.742314534581,-7.153563409214013,35.95155562792315
7.72,221.16170892049777,221.55780160317505,222.742314534581,228.42534564713944,-7.263636726641692,34.15155562792315
7.74,221.7346667156286,222.1219439204945,223.42534564713947,229.0723767596979,-7.337710044069313,32.351555627923155
7.76,222.30762451075944,222.61590790928278,224.0723767596979,229.68340787225637,-7.375783361496925,30.551555627923157
7.78,222.88058230589027,223.2132585516191,224.68340787225637,230.2584389848148,-7.37785667892453,28.75155562792316
7.8,223.4535401010211,223.37427233812483,225.2584389848148,230.7974700973733,-7.343929996352178,26.951555627923163
7.82,224.02649789615188,224.4494235058549,225.7974700973733,231.30050120993175,-7.274003313779868,25.151555627923162
7.84,224.5994556912827,225.29485791984467,226.30050120993175,231.76753232249024,-7.168076631207501,23.35155562792316
7.86,225.17241348641357,226.5924140997019,226.76753232249024,232.1985634350487,-7.026149948635124,21.551555627923165
7.88,225.7453712815444,227.0927709185376,227.1985634350487,232.59359454760715,-6.84822326606274,19.751555627923164
7.9,226.31832907667518,227.79602488978787,227.79602488978787,232.95408315862932,-6.63575408195414,18.024430551108225
7.92,226.89128687180602,227.7856697248175,227.95408315862935,233.2785717696515,-6.387284897845481,16.224430551108224
7.94,227.46424466693685,228.22023391949537,228.2785717696515,233.56706038067367,-6.102815713736814,14.424430551108225
7.96,228.03720246206768,228.50387685202392,228.56706038067367,233.81954899169583,-5.782346529628139,12.624430551108228
7.98,228.6101602571985,229.13493571102387,229.13493571102387,234.03830838709715,-5.42814812989866,10.937969770066315
8.0,229.1831180523293,229.56065823675783,229.56065823675783,234.22482870141602,-5.04171064908672,9.326015715944159
8.02,229.7560758474601,230.1932885666003,230.1932885666003,234.38232192676423,-4.626246079304137,7.874661267410504
8.040000000000001,230.3290336425909,230.60036899641636,230.60036899641636,234.51258509101393,-4.18355144842301,6.513158212485271
8.06,230.90199143772176,230.82366083318198,230.82366083318198,234.61628800060726,-3.7142965628854716,5.185145479665772
8.08,231.4749492328526,231.28123248449236,231.28123248449236,234.69597851048457,-3.2210292776319673,3.9845254938644166
8.1,232.0479070279834,231.9746945697752,231.9746945697752,234.75607577598876,-2.708168748005361,3.0048632752090523
8.120000000000001,232.6208648231142,232.81603566544496,232.81603566544496,234.802204752697,-2.181339929582797,2.3064488354132835
8.14,233.193822618245,233.08851622536926,233.08851622536926,234.83599517200852,-1.6421725537635135,1.689520965575295
8.16,233.76678041337587,234.38287927539616,234.38287927539616,234.86652315686442,-1.099742743488529,1.526399242794846
8.18,234.3397382085067,235.44443077809072,235.44443077809072,234.90121207659314,-0.5614738680864612,1.7344459864363158
8.2,234.9126960036375,235.3784804302432,235.3784804302432,234.93933732846813,-0.026641324830633473,1.9062625937503355
8.22,235.48565379876837,236.0127931753717,236.0127931753717,234.98519146244084,0.5004623363275403,2.292706698635624
8.24,236.05861159389917,236.41588571637112,236.41588571637112,235.04134659504186,1.0172649988573284,2.8077566300505334
8.26,236.63156938902998,237.41264727981178,237.41264727981178,235.1145750925732,1.5169942964567833,3.6614248765677035
8.28,237.2045271841608,238.53806645148876,238.53806645148876,235.21245272788877,1.9920744562720296,4.893881765777301
8.3,237.77748497929167,239.5025002590942,239.5025002590942,235.34121870542901,2.4362662738626475,6.438298877011262
8.32,238.35044277442248,239.64154029517917,239.64154029517917,235.50094699841543,2.8494957760070374,7.986414649321321
8.34,238.92340056955328,240.2807140609038,240.2807140609038,235.69508961425177,3.2283109553015183,9.707130791817132
8.36,239.49635836468408,240.660778855854,240.660778855854,235.92498519262764,3.571373172056447,11.494778918793935
8.38,240.06931615981492,241.02197045224298,240.92498519262764,236.19088077100355,3.878435388811368,13.294778918793934
8.4,240.64227395494578,241.9891325903655,241.19088077100352,236.49277634937943,4.1494976055663315,15.094778918793931
8.42,241.21523175007658,242.30471144713388,241.49277634937943,236.83067192775528,4.384559822321287,16.894778918793932
8.44,241.7881895452074,242.64372927407376,241.83067192775528,237.20456750613116,4.583622039076235,18.69477891879393
8.46,242.36114734033825,243.20986316285772,242.20456750613116,237.61446308450704,4.746684255831226,20.49477891879393
8.48,242.93410513546905,243.8734272528785,242.614463084507,238.0603586628829,4.8737464725861575,22.29477891879393
8.5,243.5070629305999,244.36145074874923,243.0603586628829,238.5422542412588,4.964808689341082,24.094778918793928
8.52,244.0800207257307,245.16599598227592,243.54225424125877,239.0601498196347,5.019870906095997,25.89477891879393
8.540000000000001,244.6529785208615,245.503287617277,244.0601498196347,239.61404539801057,5.0389331228509056,27.694778918793926
8.56,245.2259363159923,246.34644692255657,244.61404539801057,240.20394097638643,5.021995339605857,29.494778918793926
8.58,245.79889411112316,246.4607994358815,245.20394097638643,240.82983655476232,4.969057556360851,31.294778918793924
8.6,246.37185190625397,246.7640452447365,245.82983655476232,241.49173213313819,4.880119773115786,33.09477891879392
8.620000000000001,246.94480970138483,247.84461142559252,246.49173213313819,242.18962771151408,4.755181989870764,34.89477891879392
8.64,247.51776749651566,248.44991414067113,247.18962771151408,242.92352328988997,4.5942442066256834,36.69477891879391
8.66,248.09072529164646,248.49795869143242,247.92352328988997,243.69341886826587,4.397306423380595,38.494778918793905
8.68,248.66368308677727,249.62685726475598,248.69341886826587,244.49931444664173,4.1643686401355495,40.2947789187939
8.700000000000001,249.23664088190813,250.0786775203639,249.4993144466417,245.3412100250176,3.8954308568905467,42.0947789187939
8.72,249.80959867703893,250.59404864017034,250.34121002501757,246.21910560339347,3.590493073645485,43.8947789187939
8.74,250.38255647216977,251.15129467020554,251.15129467020554,247.1325129430504,3.25004352911936,45.67036698284625
8.76,250.95551426730057,251.90386375443097,251.90386375443097,248.08027400854928,2.875240258751285,47.38805327494325
8.78,251.52847206243138,252.25167668021138,252.25167668021138,249.0580691732841,2.4704028891472776,48.88975823674161
8.8,252.10142985756224,252.61054078884933,252.61054078884933,250.06144213365098,2.039987723911242,50.168648018345095
8.82,252.67438765269304,253.44125933928174,253.44125933928174,251.08914977789846,1.5852378747945925,51.38538221237217
8.84,253.24734544782388,254.0551304285113,254.0551304285113,252.13821248283034,1.1091329649935318,52.453135246592794
8.86,253.82030324295468,254.64891541566735,254.64891541566735,253.20535224887863,0.6149509940760485,53.356988302414116
8.88,254.39326103808554,254.91627391106368,254.91627391106368,254.28481065089466,0.10845038719087649,53.97292010080074
8.9,254.96621883321635,255.4074376917218,255.4074376917218,255.37235196760463,-0.4061331343882842,54.37706583549851
8.92,255.53917662834715,256.1993520415903,256.1993520415903,256.4658476848473,-0.9266710565001216,54.67478586213337
8.94,256.112134423478,256.54223891783107,256.54223891783107,257.5598934189674,-1.4477589954894445,54.70228670600753
8.96,256.6850922186088,257.39540829637843,257.39540829637843,258.65275486020494,-1.967662641596092,54.643072061875486
8.98,257.25805001373965,258.21729843913823,258.21729843913823,259.7424810152108,-2.4844310014711337,54.48630775029148
9.0,257.8310078088705,258.77070034406876,258.77070034406876,260.8252103493844,-2.994202540513937,54.136466708680345
9.02,258.40396560400126,259.91712946894563,259.91712946894563,261.90140150121886,-3.4974358972175765,53.8095575917224
9.040000000000001,258.97692339913215,259.94880145718383,259.94880145718383,262.9635339327362,-3.9866105336040873,53.1066215758698
9.06,259.5498811942629,260.44485973069567,260.44485973069567,264.00753190999893,-4.457650715735993,52.19989886313521
9.08,260.12283898939376,260.45154712441183,260.45154712441183,265.02592679680544,-4.90308780741166,50.919744340323845
9.1,260.69579678452453,261.27296867314425,261.27296867314425,266.01730038512153,-5.321503600596953,49.56867941580583
9.120000000000001,261.2687545796554,261.6164132353973,261.6164132353973,266.9769875859596,-5.708233006304177,47.984360041905134
9.14,261.84171237478625,262.1323793372819,262.1323793372819,267.9017936074072,-6.060081232621005,46.24030107238116
9.16,262.41467016991703,263.13514220303705,263.13514220303705,268.7922797387434,-6.377609568826374,44.52430656680789
9.18,262.98762796504786,263.54224463937885,263.79227973874345,269.6467658700796,-6.659137905031735,42.72430656680789
9.200000000000001,263.5605857601787,263.7682485505592,264.6467658700796,270.46525200141576,-6.904666241237038,40.92430656680789
9.22,264.13354355530953,264.9722375233228,265.46525200141576,271.2477381327519,-7.114194577442383,39.124306566807896
9.24,264.70650135044036,265.286073637357,266.2477381327519,271.9942242640881,-7.28772291364772,37.3243065668079
9.26,265.27945914557114,265.97284848650355,266.9942242640881,272.7047103954242,-7.42525124985305,35.5243065668079
9.28,265.85241694070197,266.60747109581274,267.70471039542423,273.3791965267604,-7.526779586058422,33.72430656680791
9.3,266.4253747358328,267.17801458220515,268.3791965267604,274.01768265809653,-7.592307922263735,31.92430656680791
9.32,266.99833253096364,267.73624104083655,269.0176826580966,274.62016878943274,-7.6218362584690915,30.124306566807917
9.34,267.57129032609447,268.3044634229189,269.62016878943274,275.1866549207689,-7.61536459467444,28.324306566807916
9.36,268.14424812122525,268.6862392455513,270.1866549207689,275.71714105210503,-7.57289293087978,26.524306566807915
9.38,268.71720591635614,269.56872276399736,270.71714105210503,276.2116271834412,-7.494421267085062,24.72430656680792
9.4,269.2901637114869,270.19520359893625,271.2116271834412,276.6701133147773,-7.379949603290386,22.924306566807918
9.42,269.86312150661774,271.02068660477204,271.6701133147773,277.09259944611347,-7.229477939495754,21.12430656680792
9.44,270.4360793017486,271.089415402141,272.0925994461135,277.47908557744967,-7.043006275701114,19.32430656680792
9.46,271.0090370968794,271.7218520432139,272.47908557744967,277.8295717087858,-6.820534611906414,17.52430656680792
9.48,271.58199489201024,272.5841282102753,272.8295717087858,278.144057840122,-6.562062948111758,15.724306566807922
9.5,272.154952687141,273.2923916790697,273.2923916790697,278.42361197509854,-6.26865928795753,13.977706748829103
9.52,272.72791048227185,273.76772374458596,273.76772374458596,278.6696437148155,-5.941733232543629,12.301586985844567
9.540000000000001,273.3008682774027,274.3818484724282,274.3818484724282,278.88480332878714,-5.583935051384453,10.75798069858515
9.56,273.8738260725335,275.0958466229383,275.0958466229383,279.07268245447676,-5.198856381943232,9.393956284479579
9.58,274.44678386766435,275.2095610529181,275.2095610529181,279.2327471060751,-4.785963238410815,8.003232579918471
9.6,275.0197416627951,275.9895258254586,275.9895258254586,279.36946056445305,-4.349718901657929,6.835672918896508
9.620000000000001,275.592699457926,276.26780749913485,276.26780749913485,279.4838421207607,-3.891142662834719,5.719077815381949
9.64,276.1656572530568,277.0071927698149,277.0071927698149,279.58039180174154,-3.414734548684748,4.827484049041436
9.66,276.7386150481876,277.1003385242122,277.1003385242122,279.6590850991242,-2.9204700509365553,3.9346648691308594
9.68,277.31157284331846,277.8244871365546,277.8244871365546,279.7245692911763,-2.412996447857866,3.2742096026058016
9.700000000000001,277.8845306384493,278.6975116946676,278.6975116946676,279.78265866853354,-1.898128030084242,2.9044688678626573
9.72,278.4574884335801,279.5688443288434,279.5688443288434,279.839208582645,-1.3817201490649114,2.8274957055741976
9.74,279.0304462287109,279.45648551062675,279.45648551062675,279.89300289063794,-0.8625566619270431,2.6897153996476195
9.76,279.60340402384173,280.25100789672575,280.25100789672575,279.94937483467476,-0.34597081083302567,2.818597201839223
9.78,280.17636181897257,280.58654227259495,280.58654227259495,280.0103343842646,0.16602743470796458,3.047977479490485
9.8,280.7493196141034,281.0189536966989,281.0189536966989,280.07855599290394,0.6707636211994764,3.4110804319668264
9.82,281.32227740923423,281.61919150997096,281.61919150997096,280.15787017726615,1.164407231968056,3.9657092181109634
9.84,281.895235204365,282.08002864989294,282.08002864989294,280.2510239026313,1.6442113017337106,4.657686268256604
9.86,282.46819299949584,282.466438047024,282.466438047024,280.36012860983607,2.108064389659779,5.455235360237958
9.88,283.0411507946267,283.4598947873544,283.4598947873544,280.49155163351895,2.5495991611077264,6.571151184144568
9.9,283.6141085897575,284.2546024617368,284.2546024617368,280.650068623165,2.9640399665924857,7.925849482302987
9.92,284.18706638488834,284.59442094447604,284.59442094447604,280.83698494952455,3.3500814353637747,9.345816317974947
9.94,284.7600241800191,285.5800371134304,285.5800371134304,281.0580512514641,3.7019729285549854,11.053315096981056
9.96,285.33298197515,286.13203763589564,286.0580512514641,281.31511755340375,4.017864421746239,12.853315096981053
9.98,285.9059397702808,286.39682488095644,286.31511755340375,281.6081838553434,4.297755914937433,14.653315096981052
10.0,286.4788975654116,286.84108526803436,286.6081838553434,281.937250157283,4.54164740812862,16.45331509698105
10.02,287.05185536054245,287.4329581306643,286.93725015728296,282.30231645922265,4.749538901319799,18.25331509698105
10.040000000000001,287.6248131556733,287.86586757411567,287.3023164592226,282.7033827611623,4.92143039451102,20.053315096981052
10.06,288.1977709508041,288.58259402242544,287.7033827611623,283.14044906310187,5.057321887702234,21.85331509698105
10.08,288.7707287459349,289.3762523573286,288.14044906310187,283.61351536504145,5.15721338089344,23.65331509698105
10.1,289.3436865410657,290.28775009753394,288.61351536504145,284.1225816669811,5.221104874084638,25.453315096981047
10.120000000000001,289.91664433619655,290.4320355199429,289.1225816669811,284.6676479689207,5.248996367275879,27.253315096981048
10.14,290.4896021313274,291.2797972471566,289.6676479689207,285.2487142708603,5.240887860467061,29.053315096981045
10.16,291.0625599264582,291.51066789747694,290.2487142708603,285.86578057279996,5.1967793536582345,30.85331509698104
10.18,291.635517721589,291.94658394981536,290.86578057279996,286.5188468747396,5.1166708468494,32.65331509698104
10.200000000000001,292.2084755167199,292.31782582053586,291.5188468747396,287.2079131766792,5.000562340040661,34.45331509698103
10.22,292.78143331185066,293.4751471692596,292.2079131766792,287.93297947861885,4.848453833231862,36.25331509698103
10.24,293.3543911069815,294.18899556742065,292.93297947861885,288.69404578055844,4.660345326423055,38.053315096981024
10.26,293.9273489021123,294.77175912104735,293.69404578055844,289.4911120824981,4.4362368196142405,39.85331509698102
10.28,294.5003066972431,295.1567610779931,294.4911120824981,290.3241783844377,4.176128312805417,41.65331509698102
10.3,295.073264492374,296.1542910899197,295.3241783844377,291.19324468637734,3.8800198059966378,43.453315096981015
10.32,295.64622228750477,296.48185523801135,296.19324468637734,292.09831098831694,3.54791129918785,45.25331509698101
10.34,296.2191800826356,296.68362314452094,296.68362314452094,293.0363915377812,3.182788544854397,46.904027473214434
10.36,296.79213787776644,297.9076366481939,297.9076366481939,294.0095450520405,2.7825928257259376,48.657675712963005
10.38,297.36509567289727,297.8909987149112,297.8909987149112,295.0106450326724,2.354450640224889,50.05499903159645
10.4,297.9380534680281,298.4831007673485,298.4831007673485,296.036746694594,1.901306773434115,51.305083096079855
10.42,298.5110112631589,299.08873319301534,299.08873319301534,297.0848226593042,1.42618860385467,52.40379823551156
10.44,299.0839690582897,299.71092469969557,299.71092469969557,298.1518065587053,0.932162499584423,53.34919497005243
10.46,299.6569268534206,300.2346093297845,300.2346093297845,299.2337866380581,0.4231402153624545,54.099003967640954
10.48,300.2298846485514,300.7400061903192,300.7400061903192,300.3266114981872,-0.09672684963584598,54.641243006454935
10.5,300.8028424436822,301.4233044518328,301.4233044518328,301.4273325475826,-0.6244901039003813,55.036052469767334
10.52,301.375800238813,302.2223309320008,302.2223309320008,302.5337775853457,-1.1579773465327245,55.32225188815788
10.540000000000001,301.9487580339439,302.8409933952306,302.8409933952306,303.64243457694005,-1.6936765429961806,55.43284957971644
10.56,302.52171582907465,303.4204537801744,303.4204537801744,304.74949330679766,-2.2277774777229795,55.3529364928808
10.58,303.0946736242055,304.24520310392006,304.24520310392006,305.8529211471946,-2.7582475229890853,55.171392019844866
10.6,303.6676314193363,304.9338415068578,304.9338415068578,306.9497316141811,-3.282100194844757,54.84052334932362
10.620000000000001,304.24058921446715,305.3265067741337,305.3265067741337,308.0348548623192,-3.7942656478520305,54.25616240690657
10.64,304.813547009598,305.7946496546377,305.7946496546377,309.10384863296207,-4.290301623364069,53.449688532141224
10.66,305.38650480472876,306.0460547740477,306.0460547740477,310.1508262878207,-4.7643214830918765,52.34888274293206
10.68,305.9594625998596,307.05528620291875,307.05528620291875,311.175516054068,-5.216053454208421,51.23448831236737
10.700000000000001,306.5324203949905,307.5163922786522,307.5163922786522,312.1738601291324,-5.641439734141912,49.91720375321768
10.72,307.10537819012126,308.01540296988827,308.01540296988827,313.1422633126502,-6.036885122528914,48.4201591758898
10.74,307.6783359852521,308.88628215871466,308.88628215871466,314.0800234318597,-6.401687446607573,46.88800596047301
10.76,308.25129378038287,309.3039159163634,309.3039159163634,314.9833955769575,-6.732101796574629,45.16860725489435
10.78,308.8242515755137,310.12216850429,310.12216850429,315.85176688713216,-7.027515311618474,43.418565508734034
10.8,309.3972093706446,310.35809494012216,310.85176688713216,316.6841381973069,-7.286928826662313,41.618565508734044
10.82,309.97016716577536,310.700190959986,311.6841381973069,317.48050950748154,-7.5103423417061945,39.818565508734046
10.84,310.5431249609062,311.3605932334063,312.4805095074816,318.24088081765626,-7.697755856750068,38.01856550873405
10.86,311.116082756037,311.47882330838746,313.24088081765626,318.9652521278309,-7.849169371793933,36.21856550873405
10.88,311.68904055116786,312.38774974128887,313.9652521278309,319.6536234380056,-7.96458288683774,34.418565508734055
10.9,312.2619983462987,313.1051950998993,314.6536234380056,320.30599474818024,-8.04399640188159,32.61856550873406
10.92,312.8349561414295,313.9533790143578,315.30599474818024,320.92236605835495,-8.087409916925482,30.818565508734064
10.94,313.4079139365603,314.6402361871101,315.92236605835495,321.50273736852967,-8.094823431969367,29.018565508734067
10.96,313.98087173169114,314.9158489076221,316.50273736852967,322.0471086787043,-8.066236947013193,27.21856550873407
10.98,314.55382952682197,314.7493968704228,317.0471086787044,322.55547998887903,-8.001650462057063,25.41856550873407
11.0,315.12678732195275,315.7446410874606,317.55547998887903,323.0278512990537,-7.9010639771009235,23.61856550873407
11.02,315.6997451170836,316.5021869628981,318.0278512990537,323.4642226092284,-7.764477492144776,21.81856550873407
11.040000000000001,316.27270291221447,316.9517817275349,318.4642226092284,323.86459391940303,-7.59189100718857,20.01856550873407
11.06,316.84566070734525,317.22459563661243,318.86459391940303,324.22896522957774,-7.383304522232458,18.21856550873407
11.08,317.4186185024761,317.9898405570815,319.22896522957774,324.5573365397524,-7.138718037276338,16.418565508734073
11.1,317.99157629760685,318.679085434325,319.55733653975244,324.8497078499271,-6.85813155232021,14.618565508734072
11.120000000000001,318.56453409273774,319.3709295545029,319.8497078499271,325.1060791601018,-6.541545067364024,12.818565508734075
11.14,319.1374918878686,320.25335054166965,320.25335054166965,325.32751082422374,-6.190018936355188,11.071583206098504
11.16,319.71044968299935,320.8234405894179,320.8234405894179,325.5165131826551,-5.806063499655751,9.450117921568404
11.18,320.2834074781302,321.15216429092305,321.15216429092305,325.67409222906605,-5.390684750935859,7.87895232054487
11.200000000000001,320.856365273261,321.8989688403284,321.8989688403284,325.80449038707803,-4.948125113816977,6.519907900599327
11.22,321.42932306839185,322.398358769973,322.398358769973,325.91036439744687,-4.481041329054992,5.293700518441527
11.24,322.0022808635227,322.85761910689615,322.85761910689615,325.9942586417237,-3.991977778201033,4.194712213843277
11.26,322.57523865865346,323.5344739802905,323.5344739802905,326.0604424364382,-3.485203777784776,3.3091897357273248
11.28,323.1481964537843,323.88143164283946,323.88143164283946,326.1109373534389,-2.962740899654612,2.524745850031759
11.3,323.7211542489151,324.11801379910884,324.11801379910884,326.14708322084834,-2.425928971933219,1.8072933704729481
11.32,324.29411204404596,324.98106736091376,324.98106736091376,326.1748337740663,-1.8807217300203614,1.3875276608964988
11.34,324.8670698391768,325.96927207721205,325.96927207721205,326.20110428306685,-1.3340344438901097,1.3135254500289668
11.36,325.44002763430757,326.4123674883515,326.4123674883515,326.2288958871455,-0.7888682528379185,1.3895802039314304
11.38,326.01298542943846,326.69296164282673,326.69296164282673,326.260028764665,-0.24704333522656732,1.5566438759766832
11.4,326.58594322456923,327.2762794621559,327.2762794621559,326.2984786472065,0.28746457736276326,1.9224941270734175
11.42,327.15890101970007,327.9133224034264,327.9133224034264,326.3485554047927,0.8103456149073394,2.5038378793125697
11.44,327.7318588148309,328.5036112323442,328.5036112323442,326.4141485643373,1.317710250493538,3.2796579772311123
11.46,328.30481660996173,329.1628865532678,329.1628865532678,326.4995326374023,1.8052839725594647,4.269203653246085
11.48,328.87777440509257,329.62675529249947,329.62675529249947,326.6074327135839,2.2703416915086785,5.3950038090810715
11.5,329.45073220022334,330.45408257820355,330.45408257820355,326.74302866879077,2.7077035314326077,6.779797760344151
11.52,330.0236899953542,330.66285058802663,330.66285058802663,326.90684734181616,3.1168426535380256,8.190933651269061
11.540000000000001,330.596647790485,331.761614232569,331.761614232569,327.10562033645493,3.4910274540300854,9.938649731940098
11.56,331.16960558561584,332.0561133595227,332.0561133595227,327.3400368808598,3.829568704755996,11.720827220244493
11.58,331.7425633807467,331.9794699641877,331.9794699641877,327.60785734346473,4.134706037281933,13.39102313024251
11.6,332.31552117587745,332.9700816666147,332.60785734346473,327.9116778060696,4.403843369807913,15.191023130242508
11.620000000000001,332.88847897100834,333.43609950111374,332.9116778060695,328.25149826867437,4.636980702333936,16.991023130242507
11.64,333.4614367661391,333.8149012934309,333.25149826867437,328.6273187312792,4.8341180348599,18.791023130242507
11.66,334.03439456126995,334.00661927724997,333.6273187312792,329.03913919388407,4.995255367385856,20.591023130242505
11.68,334.6073523564008,334.73937600632195,334.03913919388407,329.486959656489,5.120392699911805,22.391023130242505
11.700000000000001,335.1803101515316,335.2654318506375,334.4869596564889,329.97078011909383,5.2095300324377956,24.191023130242506
11.72,335.75326794666245,335.86300359149567,334.97078011909383,330.49060058169863,5.26266736496378,25.991023130242503
11.74,336.3262257417932,336.73401567246407,335.49060058169863,331.0464210443035,5.279804697489754,27.791023130242504
11.76,336.89918353692406,337.01675157572885,336.0464210443035,331.63824150690834,5.260942030015722,29.5910231302425
11.78,337.4721413320549,338.12621856306754,336.63824150690834,332.2660619695132,5.206079362541682,31.3910231302425
11.8,338.0450991271857,339.2213136236625,337.2660619695132,332.92988243211806,5.1152166950676845,33.19102313024249
11.82,338.61805692231655,339.6365185393353,337.92988243211806,333.6297028947229,4.988354027593628,34.99102313024249
11.84,339.19101471744733,339.9949308668118,338.6297028947229,334.36552335732773,4.8254913601196145,36.791023130242486
11.86,339.76397251257816,340.57256976797953,339.36552335732773,335.13734381993254,4.626628692645593,38.59102313024248
11.88,340.336930307709,341.14860404374724,340.13734381993254,335.9451642825374,4.391766025171615,40.39102313024248
11.9,340.90988810283983,342.25197002057723,340.9451642825374,336.7889847451423,4.1209033576975775,42.19102313024248
11.92,341.48284589797066,342.7049048034869,341.7889847451423,337.6688052077471,3.814040690223532,43.991023130242475
11.94,342.05580369310144,343.11654809406167,342.6688052077471,338.58462567035195,3.471178022749479,45.791023130242465
11.96,342.6287614882323,343.2935400939326,343.2935400939326,339.5343503168066,3.094411171425712,47.48623232273151
11.98,343.2017192833631,343.7551020873929,343.7551020873929,340.5144643760094,2.6872549073536955,49.00570296014258
