time,target_deg,gimbal_deg,error_deg,rate_deg_s
0.0,0.0,0.002576766410006426,-0.002576766410006426,0.1288383205003213
0.02,0.5729577951308232,0.005614901488909497,0.5673428936419137,0.15190675394515357
0.04,1.1459155902616465,0.014903855615845653,1.1310117346458008,0.4644477063468078
0.06,1.7188733853924696,0.0327087161189739,1.6861646692734957,0.8902430251564121
0.08,2.291831180523293,0.061362176565049976,2.230469003958243,1.432673022303804
0.1,2.8647889756541165,0.10281929311515124,2.761969682538965,2.0728558275050637
0.12,3.437746770784939,0.15860200403993815,3.279144766745001,2.7891355462393452
0.14,4.010704565915763,0.23086365945228532,3.7798409064634773,3.613082770617359
0.16,4.583662361046587,0.3243964472288532,4.259265913817734,4.676639388828395
0.18,5.156620156177408,0.44461678922101067,4.712003366956398,6.011017099607873
0.2,5.729577951308232,0.5944256855480352,5.135152265760197,7.490444816351226
0.22,6.302535746439056,0.7762935173890281,5.526242229050029,9.093391592049644
0.24,6.875493541569878,0.9920924327189138,5.883401108850965,10.789945766494283
0.26,7.448451336700701,1.2438913480487994,6.204559988651901,12.589945766494282
0.28,8.021409131831527,1.531690263378685,6.489718868452843,14.38994576649428
0.3,8.594366926962348,1.8554891787085708,6.738877748253777,16.18994576649428
0.32,9.167324722093172,2.2152880940384563,6.952036628054716,17.98994576649428
0.34,9.740282517223996,2.611087009368342,7.129195507855654,19.789945766494277
0.36,10.313240312354816,3.0428859246982274,7.270354387656589,21.589945766494278
0.38,10.886198107485642,3.5106848400281128,7.375513267457528,23.38994576649428
0.4,11.459155902616466,4.014483755357998,7.444672147258467,25.189945766494276
0.42,12.032113697747286,4.554282670687884,7.477831027059403,26.989945766494277
0.44,12.605071492878109,5.130081586017769,7.4749899068603405,28.789945766494277
0.46,13.178029288008933,5.741880501347654,7.436148786661279,30.58994576649428
0.48,13.750987083139758,6.38967941667754,7.361307666462219,32.389945766494286
0.5,14.32394487827058,7.073478332007426,7.250466546263156,34.18994576649428
0.52,14.896902673401405,7.79327724733731,7.103625426064093,35.98994576649429
0.54,15.469860468532229,8.549076162667196,6.920784305865031,37.78994576649429
0.56,16.04281826366305,9.340875077997083,6.701943185665969,39.589945766494296
0.58,16.615776058793873,10.16867399332697,6.447102065466903,41.38994576649429
0.6,17.188733853924695,11.032472908656855,6.1562609452678405,43.1899457664943
0.62,17.761691649055525,11.932271823986742,5.829419825068782,44.9899457664943
0.64,18.334649444186343,12.868070739316629,5.466578704869716,46.789945766494306
0.66,18.907607239317166,13.839869654646513,5.067737584670653,48.58994576649431
0.68,19.480565034447988,14.847668569976399,4.63289646447159,50.38994576649431
0.7000000000000001,20.053522829578817,15.891319668076239,4.162203161502579,52.182554904992045
0.72,20.626480624709636,16.9665217632183,3.659958861491336,53.76010475710295
0.74,21.199438419840458,18.068381529898364,3.131056889942095,55.09298833400325
0.76,21.772396214971284,19.190357124305237,2.5820390906660444,56.098779720343735
0.78,22.345354010102103,20.327817498468725,2.0175365116333777,56.873018708174435
0.8,22.918311805232932,21.477927686412997,1.4403841188199322,57.505509397213594
0.8200000000000001,23.491269600363754,22.63773548270482,0.853534117658936,57.990389814591076
0.84,24.064227395494576,23.79743237276676,0.2667950227278154,57.98484450309707
0.86,24.6371851906254,24.95623051757735,-0.3190453269519519,57.939907240529536
0.88,25.210142985756228,26.111492444198348,-0.901349458442119,57.76309633104984
0.9,25.783100780887047,27.260207774705076,-1.4771069938180308,57.435766525336454
0.92,26.35605857601787,28.397807243435924,-2.0417486674180556,56.87997343654248
0.9400000000000001,26.9290163711487,29.52186336532516,-2.5928469941764636,56.202806094461614
0.96,27.501974166279517,30.629670400347017,-3.1276962340675003,55.39035175109294
0.98,28.07493196141034,31.71728762583815,-3.6423556644278072,54.380861274556395
1.0,28.64788975654116,32.780656536055695,-4.132766779514532,53.16844551087718
1.02,29.22084755167198,33.815640724229645,-4.594793172557663,51.749209408697546
1.04,29.79380534680281,34.82062235215679,-5.0268170053539825,50.24908139635735
1.06,30.366763141933625,35.79360540280083,-5.426842260867199,48.649152532201825
1.08,30.93972093706445,36.73058845344487,-5.7908675163804135,46.84915253220183
1.1,31.51267873219528,37.6315715040889,-6.118892771893621,45.04915253220182
1.12,32.085636527326095,38.49655455473294,-6.410918027406839,43.24915253220182
1.1400000000000001,32.65859432245693,39.32553760537697,-6.666943282920044,41.449152532201815
1.16,33.231552117587746,40.11852065602101,-6.886968538433265,39.64915253220182
1.18,33.80450991271857,40.87550370666505,-7.070993793946478,37.84915253220181
1.2,34.37746770784939,41.59648675730908,-7.21901904945969,36.04915253220181
1.22,34.95042550298022,42.281469807953115,-7.331044304972901,34.249152532201805
1.24,35.52338329811104,42.93045285859716,-7.407069560486116,32.44915253220181
1.26,36.09634109324186,43.54343590924119,-7.447094815999329,30.649152532201803
1.28,36.66929888837269,44.12041895988523,-7.451120071512541,28.8491525322018
1.3,37.24225668350351,44.661402010529265,-7.419145327025752,27.049152532201802
1.32,37.81521447863433,45.1663850611733,-7.351170582538967,25.2491525322018
1.34,38.38817227376516,45.63536811181734,-7.247195838052181,23.4491525322018
1.36,38.96113006889598,46.068351162461376,-7.107221093565393,21.649152532201803
1.3800000000000001,39.53408786402681,46.46533421310541,-6.931246349078603,19.849152532201803
1.4000000000000001,40.10704565915763,46.826317263749445,-6.719271604591818,18.049152532201806
1.42,40.680003454288446,47.15130031439349,-6.4712968601050385,16.249152532201805
1.44,41.252961249419265,47.44028336503752,-6.187322115618257,14.449152532201806
1.46,41.8259190445501,47.693266415681556,-5.867347371131461,12.649152532201805
1.48,42.398876839680916,47.910249466325595,-5.511372626644676,10.849152532201806
1.5,42.971834634811735,48.09169397194639,-5.119859337134657,9.072225281039843
1.52,43.54479242994256,48.2426033646616,-4.697810934719041,7.545469635760272
1.54,44.11775022507339,48.36721729452573,-4.249467069452342,6.2306964932063975
1.56,44.69070802020421,48.469129189335355,-3.778421169131145,5.095594740481255
1.58,45.26366581533504,48.551228598559625,-3.2875627832245886,4.104970461213356
1.6,45.836623610465864,48.618273793602924,-2.78165018313706,3.3522597521647506
1.62,46.40958140559669,48.67309240466971,-2.2635109990730164,2.740930553339167
1.6400000000000001,46.98253920072751,48.71934339054839,-1.736804189820881,2.312549293934155
1.6600000000000001,47.555496995858334,48.75952997362658,-1.2040329777682481,2.009329153909523
1.68,48.12845479098915,48.79855020307348,-0.670095412084334,1.9510114723451242
1.7,48.70141258611997,48.84116774523898,-0.13975515911900543,2.1308771082747593
1.72,49.2743703812508,48.89380073789573,0.3805696433550629,2.631649632837675
1.74,49.84732817638162,48.95886932869285,0.8884588476887731,3.2534295398555213
1.76,50.42028597151244,49.03699978684701,1.3832861846654287,3.906522907708461
1.78,50.99324376664327,49.13245695093558,1.8607868157076888,4.772858204428038
1.8,51.56620156177409,49.2530463513772,2.313155210396889,6.029470022081086
1.82,52.13915935690491,49.402748534242164,2.7364108226627497,7.48510914324801
1.84,52.71211715203574,49.58133599041744,3.130781161618295,8.929372808763931
1.86,53.28507494716656,49.7885055522006,3.4965693949659564,10.358478089157904
1.8800000000000001,53.85803274229739,50.02697594732805,3.8310567949693373,11.923519756372418
1.9000000000000001,54.4309905374282,50.29675121099196,4.134239326436246,13.488763183195411
1.92,55.00394833255903,50.598980334182784,4.404967998376244,15.111456159541328
1.94,55.57690612768985,50.936608047237534,4.640298080452321,16.881385652737507
1.96,56.14986392282068,51.31023576029228,4.839628162528402,18.681385652737507
1.98,56.7228217179515,51.71986347334703,5.002958244604469,20.481385652737508
2.0,57.29577951308232,52.16549118640178,5.13028832668054,22.281385652737505
2.02,57.86873730821315,52.64711889945653,5.221618408756616,24.081385652737506
2.04,58.44169510334397,53.16474661251128,5.276948490832691,25.881385652737503
2.06,59.01465289847479,53.71837432556603,5.296278572908764,27.681385652737504
2.08,59.58761069360562,54.308002038620785,5.279608654984836,29.4813856527375
2.1,60.160568488736445,54.93362975167553,5.226938737060912,31.281385652737494
2.12,60.73352628386726,55.59525746473028,5.138268819136987,33.081385652737495
2.14,61.30648407899809,56.29288517778503,5.01359890121306,34.8813856527375
2.16,61.879441874128915,57.02651289083978,4.852928983289131,36.681385652737504
2.18,62.452399669259734,57.796140603894536,4.656259065365202,38.48138565273751
2.2,63.02535746439056,58.60176831694928,4.423589147441277,40.281385652737505
2.22,63.598315259521385,59.44339603000403,4.154919229517356,42.081385652737495
2.24,64.1712730546522,60.32102374305878,3.8502493115934278,43.8813856527375
2.2600000000000002,64.74423084978304,61.234651456113525,3.5095793936695046,45.6813856527375
2.2800000000000002,65.31718864491386,62.184279169168285,3.132909475745573,47.481385652737494
2.3000000000000003,65.89014644004467,63.16719478326456,2.7229516567801126,49.14578070481437
2.32,66.46310423517549,64.18045193209448,2.2826523030810106,50.662857441495596
2.34,67.03606203030631,65.22204491532545,1.8140171149808635,52.07964916154851
2.36,67.60901982543714,66.2888282112504,1.3201916141867356,53.33916479624749
2.38,68.18197762056796,67.37640644283586,0.8055711777320994,54.37891157927284
2.4,68.75493541569878,68.4832592157566,0.2716761999421805,55.34263864603743
2.42,69.32789321082961,69.60264805411137,-0.27475484328176225,55.969441917738635
2.44,69.90085100596043,70.73009263545629,-0.8292416294958539,56.37222906724562
2.46,70.47380880109125,71.85684993293245,-1.3830411318411973,56.33786487380815
2.48,71.04676659622208,72.97984015502269,-1.9330735588006038,56.14951110451141
2.5,71.6197243913529,74.09352903819695,-2.4738046468440387,55.68444415871314
2.52,72.19268218648372,75.19800985834874,-3.0053276718650137,55.22404100758965
2.54,72.76563998161456,76.29186214024831,-3.5262221586337597,54.692614094978595
2.56,73.33859777674537,77.37016988232364,-4.031572105578256,53.91538710376596
2.58,73.91155557187619,78.42973132528584,-4.51817575340965,52.978072148110684
2.6,74.48451336700703,79.466520059224,-4.982006692216978,51.83943669690776
2.62,75.05747116213784,80.47620691868737,-5.418735756549526,50.48434297316841
2.64,75.63042895726866,81.45804200897582,-5.827613051707151,49.091754514422206
2.66,76.2033867523995,82.40867295344509,-6.205286201045591,47.53154722346319
2.68,76.77634454753031,83.32477284162412,-6.54842829409381,45.80499440895192
2.7,77.34930234266115,84.20487272980316,-6.855570387142022,44.00499440895192
2.72,77.92226013779197,85.0489726179822,-7.126712480190238,42.204994408951926
2.74,78.49521793292278,85.85707250616123,-7.361854573238447,40.40499440895192
2.7600000000000002,79.06817572805362,86.62917239434027,-7.56099666628666,38.60499440895193
2.7800000000000002,79.64113352318444,87.36527228251931,-7.724138759334878,36.804994408951934
2.8000000000000003,80.21409131831525,88.06537217069835,-7.851280852383088,35.00499440895193
2.82,80.78704911344607,88.72947205887739,-7.942422945431315,33.20499440895193
2.84,81.36000690857689,89.35757194705643,-7.997565038479535,31.404994408951936
2.86,81.93296470370773,89.94967183523546,-8.016707131527747,29.604994408951935
2.88,82.50592249883854,90.50577172341451,-7.999849224575963,27.804994408951934
2.9,83.07888029396936,91.02587161159354,-7.946991317624184,26.004994408951937
2.92,83.6518380891002,91.50997149977259,-7.858133410672398,24.204994408951933
2.94,84.22479588423101,91.95807138795163,-7.733275503720615,22.404994408951936
2.96,84.79775367936183,92.37017127613066,-7.572417596768826,20.604994408951935
2.98,85.37071147449267,92.7462711643097,-7.375559689817041,18.804994408951934
3.0,85.94366926962348,93.08637105248874,-7.14270178286526,17.004994408951934
3.02,86.5166270647543,93.39047094066778,-6.873843875913472,15.204994408951931
3.04,87.08958485988514,93.65857082884682,-6.568985968961688,13.404994408951929
3.06,87.66254265501595,93.89067071702586,-6.2281280620098975,11.60499440895193
3.08,88.23550045014677,94.08677060520489,-5.851270155058111,9.804994408951927
3.1,88.8084582452776,94.24687049338394,-5.438412248106329,8.004994408951925
3.12,89.38141604040842,94.374063141851,-4.992647101442574,6.359632423353647
3.14,89.95437383553924,94.4724086342472,-4.5180347987079506,4.917274619809944
3.16,90.52733163067008,94.54635908601483,-4.019027455344759,3.6975225883812866
3.18,91.1002894258009,94.5992755945745,-3.498986168773599,2.6458254279835005
3.2,91.67324722093173,94.63388340625993,-2.9606361853282013,1.7303905842713219
3.22,92.24620501606255,94.65829727973471,-2.412092263672161,1.220693673739479
3.24,92.81916281119337,94.67529302573652,-1.85613021454316,0.8497873000908205
3.2600000000000002,93.3921206063242,94.69040621770391,-1.2982856113797145,0.7556595983686648
3.2800000000000002,93.96507840145502,94.70720458666425,-0.7421261852092349,0.8399184480174472
3.3000000000000003,94.53803619658584,94.73011202690788,-0.1920758303220295,1.14537201218118
3.3200000000000003,95.11099399171667,94.7627597431008,0.3482342486158608,1.6323858096466488
3.34,95.68395178684747,94.81108405769598,0.8728677291514962,2.416215729758484
3.36,96.2569095819783,94.87521114029366,1.3816984416846463,3.206354129883623
3.38,96.82986737710912,94.96079048800686,1.8690768891022513,4.278967385660952
3.4,97.40282517223994,95.07124646310042,2.3315787091395257,5.522798754677193
3.42,97.97578296737078,95.20881486900413,2.7669680983666445,6.878420295185237
3.44,98.5487407625016,95.37590984781804,3.172830914683559,8.354748940695623
3.46,99.12169855763241,95.57566605660901,3.546032501023408,9.987810439548682
3.48,99.69465635276325,95.8109431592901,3.8837131934731413,11.763855134054825
3.5,100.26761414789407,96.0812499295418,4.18636421835226,13.515338512585082
3.52,100.84057194302488,96.3875566997935,4.453015243231383,15.315338512585084
3.54,101.41352973815572,96.7298634700452,4.683666268110512,17.115338512585087
3.56,101.98648753328654,97.1081702402969,4.878317292989632,18.915338512585084
3.58,102.55944532841735,97.5224770105486,5.036968317868757,20.715338512585088
3.6,103.13240312354819,97.97278378080031,5.159619342747875,22.515338512585092
3.62,103.705360918679,98.45909055105201,5.246270367626996,24.315338512585093
3.64,104.27831871380982,98.9813973213037,5.296921392506123,26.115338512585094
3.66,104.85127650894066,99.53970409155541,5.311572417385242,27.91533851258509
3.68,105.42423430407148,100.13401086180711,5.290223442264366,29.71533851258509
3.7,105.99719209920231,100.76431763205882,5.232874467143481,31.515338512585092
3.72,106.57014989433313,101.43062440231053,5.139525492022601,33.31533851258509
3.74,107.14310768946395,102.13293117256222,5.010176516901726,35.11533851258508
3.7600000000000002,107.71606548459478,102.87123794281393,4.844827541780844,36.91533851258509
3.7800000000000002,108.2890232797256,103.64554471306563,4.643478566659966,38.715338512585085
3.8000000000000003,108.86198107485642,104.45585148331733,4.406129591539092,40.51533851258508
3.8200000000000003,109.43493886998725,105.30215825356903,4.132780616418212,42.315338512585086
3.84,110.00789666511805,106.18446502382074,3.8234316412973226,44.11533851258508
3.86,110.58085446024889,107.10277179407242,3.478082666176451,45.91533851258507
3.88,111.1538122553797,108.05707856432413,3.0967336910555714,47.71533851258508
3.9,111.72677005051052,109.04492897012543,2.681841080385098,49.392520290064894
3.92,112.29972784564136,110.05948236176128,2.240245483880063,50.72766958179319
3.94,112.87268564077218,111.09871607992119,1.7739695608509833,51.96168590799515
3.96,113.445643435903,112.1591059876356,1.2865374482673948,53.0194953857204
3.98,114.01860123103383,113.23940422640604,0.7791970046277785,54.01491193852176
4.0,114.59155902616465,114.33275355934369,0.2588054668209559,54.66746664688212
4.0200000000000005,115.16451682129548,115.43358097408579,-0.26906415279030726,55.04137073710552
4.04,115.7374746164263,116.54040620039773,-0.8029315839714295,55.341261315596334
4.0600000000000005,116.31043241155713,117.64930801162248,-1.3388756000653514,55.445090561237535
4.08,116.88339020668793,118.75731962638659,-1.873929419698642,55.40058073820558
4.1,117.45634800181875,119.85969229125665,-2.4033442894379005,55.1186332435035
4.12,118.02930579694959,120.95449594477043,-2.925190147820843,54.740182675689454
4.14,118.6022635920804,122.03992050170213,-3.437656909621727,54.27122784658438
4.16,119.17522138721124,123.10979670165204,-3.9345753144408144,53.49380999749604
4.18,119.74817918234204,124.15965858990242,-4.411479407560375,52.49309441251872
4.2,120.32113697747289,125.19179536539966,-4.870658387926768,51.60683877486194
4.22,120.8940947726037,126.204031097783,-5.309936325179302,50.61178661916695
4.24,121.46705256773453,127.19187011909533,-5.724817551360797,49.39195106561706
4.26,122.04001036286535,128.14929886515165,-6.10928850228631,47.871437302815835
4.28,122.61296815799618,129.07072761120796,-6.45775945321179,46.07143730281584
4.3,123.18592595312698,129.95615635726426,-6.770230404137287,44.27143730281584
4.32,123.75888374825783,130.8055851033206,-7.046701355062777,42.47143730281584
4.34,124.33184154338863,131.61901384937693,-7.287172305988284,40.67143730281585
4.36,124.90479933851947,132.39644259543323,-7.491643256913758,38.871437302815856
4.38,125.47775713365029,133.13787134148956,-7.660114207839274,37.07143730281586
4.4,126.05071492878112,133.84330008754588,-7.792585158764757,35.27143730281586
4.42,126.62367272391194,134.51272883360218,-7.889056109690258,33.471437302815865
4.44,127.19663051904277,135.1461575796585,-7.94952706061575,31.671437302815868
4.46,127.76958831417357,135.74358632571483,-7.973998011541261,29.871437302815874
4.48,128.3425461093044,136.30501507177115,-7.962468962466738,28.071437302815873
4.5,128.91550390443524,136.83044381782747,-7.9149399133922325,26.271437302815876
4.5200000000000005,129.48846169956607,137.3198725638838,-7.831410864317719,24.471437302815875
4.54,130.06141949469688,137.7733013099401,-7.711881815243222,22.671437302815875
4.5600000000000005,130.6343772898277,138.1907300559964,-7.556352766168693,20.871437302815878
4.58,131.20733508495852,138.57215880205274,-7.364823717094207,19.071437302815877
4.6000000000000005,131.78029288008935,138.91758754810905,-7.1372946680196865,17.271437302815876
4.62,132.35325067522018,139.22701629416537,-6.873765618945185,15.471437302815879
4.64,132.92620847035099,139.50044504022168,-6.5742365698707,13.67143730281588
4.66,133.49916626548182,139.737873786278,-6.238707520796181,11.871437302815883
4.68,134.07212406061262,139.9393025323343,-5.86717847172168,10.071437302815886
4.7,134.64508185574346,140.1051840459577,-5.460102190214256,8.294075681169973
4.72,135.2180396508743,140.23812567535512,-5.020086024480833,6.647081469869442
4.74,135.79099744600512,140.34023383233517,-4.549236386330048,5.105407849003161
4.76,136.36395524113593,140.4188236104283,-4.054868369292361,3.9294889046567647
4.78,136.93691303626676,140.47873190631296,-3.5418188700462,2.9954147942334965
4.8,137.50987083139756,140.52494119390266,-3.015070362505081,2.310464379484356
4.82,138.0828286265284,140.560655873067,-2.477827246538591,1.7857339582175504
4.84,138.65578642165923,140.58747650558152,-1.9316900839222915,1.3410316257254
4.86,139.22874421679006,140.60512692749987,-1.3763827107098132,0.8825210959183928
4.88,139.80170201192087,140.61785489760297,-0.816152885682091,0.6363985051546684
4.9,140.3746598070517,140.62788850590997,-0.25322869885826793,0.501680415351256
4.92,140.9476176021825,140.64149070337405,0.30612689880847443,0.6801098732037201
4.94,141.52057539731334,140.66252745943996,0.8580479378734001,1.0518378032956082
4.96,142.09353319244417,140.70058820237574,1.3929449900684063,1.903037146789851
4.98,142.666490987575,140.75758707090648,1.9089039166685262,2.849943426535199
5.0,143.2394487827058,140.83592149847829,2.403527284227527,3.9167213785900348
5.0200000000000005,143.81240657783664,140.94067505634555,2.8717315214910983,5.237677893363617
5.04,144.38536437296744,141.07475412385546,3.3106102491120017,6.70395337549597
5.0600000000000005,144.95832216809828,141.2417863015074,3.716535866590886,8.351608882597917
5.08,145.5312799632291,141.44428491130745,4.08699505192164,10.124930490002708
5.1000000000000005,146.10423775835994,141.68278352110752,4.421454237252411,11.924930490002705
5.12,146.67719555349075,141.95728213090757,4.719913422583175,13.724930490002704
5.14,147.25015334862155,142.26778074070762,4.9823726079139306,15.524930490002703
5.16,147.82311114375239,142.6142793505077,5.208831793244704,17.324930490002703
5.18,148.39606893888322,142.99677796030775,5.399290978575468,19.1249304900027
5.2,148.96902673401405,143.4152765701078,5.553750163906251,20.9249304900027
5.22,149.54198452914486,143.86977517990786,5.672209349237001,22.7249304900027
5.24,150.1149423242757,144.3602737897079,5.754668534567793,24.5249304900027
5.26,150.6879001194065,144.88677239950795,5.801127719898552,26.3249304900027
5.28,151.26085791453733,145.449271009308,5.811586905229328,28.124930490002697
5.3,151.83381570966816,146.04776961910807,5.786046090560096,29.924930490002698
5.32,152.406773504799,146.6822682289081,5.724505275890882,31.724930490002695
5.34,152.9797312999298,147.35276683870816,5.626964461221635,33.52493049000269
5.36,153.55268909506063,148.0592654485082,5.49342364655243,35.324930490002686
5.38,154.12564689019143,148.80176405830827,5.323882831883193,37.12493049000268
5.4,154.6986046853223,149.5802626681083,5.118342017213972,38.92493049000268
5.42,155.2715624804531,150.39476127790837,4.876801202544718,40.72493049000268
5.44,155.84452027558393,151.24525988770841,4.599260387875507,42.52493049000267
5.46,156.41747807071474,152.13175849750849,4.285719573206263,44.324930490002664
5.48,156.99043586584557,153.05425710730853,3.9361787585370362,46.12493049000266
5.5,157.56339366097637,154.01275571710858,3.5506379438678017,47.92493049000266
5.5200000000000005,158.13635145610723,155.00691758815523,3.1294338679519798,49.70809355233292
5.54,158.70930925123804,156.03114904527968,2.678160205958358,51.21157285622112
5.5600000000000005,159.28226704636887,157.08640785375832,2.1958591926105524,52.76294042393266
5.58,159.85522484149968,158.16803976032327,1.6871850811764173,54.08159532824766
5.6000000000000005,160.4281826366305,159.27340501708983,1.1547776195406922,55.26826283832746
5.62,161.00114043176134,160.39847567971657,0.6026647520447628,56.253533131337264
5.64,161.57409822689215,161.5390623469105,0.03503587998165482,57.02933335969633
5.66,162.14705602202298,162.6910590780995,-0.544003056076531,57.59983655945091
5.68,162.72001381715378,163.84883125880233,-1.128817441648551,57.888609035141286
5.7,163.29297161228462,165.0063634533284,-1.713391841043763,57.876609726302895
5.72,163.86592940741545,166.15991618305955,-2.293986775644105,57.67763648655792
5.74,164.43888720254628,167.31050687518967,-2.8716196726434124,57.52953460650746
5.76,165.0118449976771,168.45379222569932,-3.4419472280222383,57.16426752548195
5.78,165.58480279280792,169.58251952883003,-3.9977167360221153,56.43636515653597
5.8,166.15776058793872,170.69045652030158,-4.532695932362856,55.396849573577654
5.82,166.73071838306956,171.77071644993038,-5.039998066860815,54.0129964814403
5.84,167.3036761782004,172.8214825748797,-5.517806396679303,52.538306247464384
5.86,167.87663397333122,173.8404679213513,-5.963833948020073,50.949267323580365
5.88,168.44959176846203,174.82345326782288,-6.373861499360861,49.14926732358037
5.9,169.02254956359286,175.7704386142945,-6.747889050701641,47.34926732358037
5.92,169.59550735872367,176.68142396076612,-7.085916602042438,45.54926732358038
5.94,170.1684651538545,177.55640930723771,-7.387944153383202,43.74926732358038
5.96,170.74142294898533,178.39539465370933,-7.653971704724009,41.949267323580386
5.98,171.31438074411616,179.19838000018095,-7.883999256064782,40.14926732358039
6.0,171.88733853924697,179.96536534665253,-8.078026807405573,38.34926732358039
6.0200000000000005,172.4602963343778,180.69635069312417,-8.236054358746356,36.549267323580395
6.04,173.0332541295086,181.39133603959579,-8.358081910087156,34.7492673235804
6.0600000000000005,173.60621192463944,182.05032138606737,-8.444109461427924,32.94926732358041
6.08,174.17916971977027,182.67330673253898,-8.494137012768709,31.149267323580407
6.1000000000000005,174.7521275149011,183.26029207901058,-8.508164564109485,29.349267323580413
6.12,175.3250853100319,183.8112774254822,-8.48619211545028,27.549267323580413
6.140000000000001,175.89804310516274,184.3262627719538,-8.42821966679104,25.749267323580412
6.16,176.47100090029355,184.8052481184254,-8.334247218131845,23.949267323580415
6.18,177.04395869542438,185.248233464897,-8.20427476947264,22.149267323580414
6.2,177.6169164905552,185.6552188113686,-8.038302320813402,20.349267323580417
6.22,178.18987428568602,186.02620415784023,-7.8363298721542085,18.549267323580416
6.24,178.76283208081685,186.36118950431182,-7.5983574234949804,16.749267323580415
6.26,179.33578987594765,186.66017485078345,-7.32438497483577,14.949267323580417
6.28,179.9087476710785,186.92316019725504,-7.014412526176551,13.14926732358042
6.3,-179.5182945337907,187.15014554372667,-366.6684400775174,11.349267323580422
6.32,-178.94533673865988,187.34113089019826,-366.28646762885813,9.549267323580423
6.34,-178.37237894352907,187.49611623666988,-365.868495180199,7.749267323580426
6.36,-177.79942114839824,187.6151015831415,-365.4145227315397,5.949267323580428
6.38,-177.2264633532674,187.6980869296131,-364.9245502828805,4.149267323580431
6.4,-176.65350555813657,187.74507227608473,-364.3985778342213,2.3492673235804324
6.42,-176.08054776300577,187.75605762255634,-363.8366053855621,0.5492673235804343
6.44,-175.50758996787494,187.73104296902795,-363.23863293690283,-1.2507326764195639
6.46,-174.93463217274413,187.67002831549954,-362.60466048824367,-3.050732676419562
6.48,-174.3616743776133,187.57301366197115,-361.93468803958444,-4.85073267641956
6.5,-173.78871658248246,187.43999900844275,-361.2287155909252,-6.650732676419557
6.5200000000000005,-173.21575878735163,187.27098435491436,-360.486743142266,-8.450732676419555
6.54,-172.64280099222083,187.06596970138597,-359.7087706936068,-10.250732676419553
6.5600000000000005,-172.06984319709,186.82495504785757,-358.8947982449476,-12.050732676419551
6.58,-171.4968854019592,186.54794039432917,-358.04482579628836,-13.850732676419549
6.6000000000000005,-170.92392760682836,186.2349257408008,-357.15885334762913,-15.650732676419546
6.62,-170.35096981169752,185.8859110872724,-356.23688089896996,-17.450732676419545
6.640000000000001,-169.7780120165667,185.500896433744,-355.2789084503107,-19.250732676419545
6.66,-169.2050542214359,185.07988178021563,-354.28493600165154,-21.050732676419546
6.68,-168.63209642630508,184.62286712668725,-353.2549635529923,-22.850732676419543
6.7,-168.05913863117422,184.12985247315885,-352.18899110433307,-24.650732676419544
6.72,-167.48618083604342,183.60083781963047,-351.0870186556739,-26.45073267641954
6.74,-166.91322304091258,183.0358231661021,-349.9490462070147,-28.250732676419542
6.76,-166.34026524578178,182.43480851257368,-348.7750737583555,-30.05073267641954
6.78,-165.76730745065095,181.7977938590453,-347.5651013096962,-31.850732676419533
6.8,-165.19434965552014,181.12477920551692,-346.3191288610371,-33.65073267641953
6.82,-164.62139186038928,180.4157645519885,-345.0371564123778,-35.45073267641953
6.84,-164.04843406525845,179.67074989846012,-343.7191839637186,-37.250732676419524
6.86,-163.47547627012764,178.88973524493173,-342.3652115150594,-39.05073267641952
6.88,-162.90251847499684,178.07272059140334,-340.9752390664002,-40.85073267641952
6.9,-162.329560679866,177.21970593787495,-339.54926661774095,-42.65073267641951
6.92,-161.7566028847352,176.33069128434656,-338.08729416908176,-44.450732676419506
6.94,-161.18364508960434,175.40567663081816,-336.5893217204225,-46.2507326764195
6.96,-160.61068729447354,174.44466197728977,-335.0553492717633,-48.0507326764195
6.98,-160.0377294993427,173.4476473237614,-333.4853768231041,-49.8507326764195
7.0,-159.4647717042119,172.414632670233,-331.8794043744449,-51.650732676419494
7.0200000000000005,-158.89181390908107,171.3456180167046,-330.23743192578564,-53.45073267641949
7.04,-158.31885611395023,170.24060336317623,-328.5594594771265,-55.25073267641948
7.0600000000000005,-157.7458983188194,169.09958870964783,-326.84548702846723,-57.05073267641948
7.08,-157.1729405236886,167.92257405611946,-325.095514579808,-58.850732676419476
7.1000000000000005,-156.59998272855776,166.70955940259105,-323.3095421311488,-60.65073267641948
7.12,-156.02702493342696,165.46054474906265,-321.4875696824896,-62.450732676419484
7.140000000000001,-155.45406713829612,164.17553009553427,-319.6295972338304,-64.25073267641949
7.16,-154.8811093431653,162.85451544200586,-317.7356247851711,-66.05073267641949
7.18,-154.3081515480345,161.49750078847748,-315.805652336512,-67.85073267641948
7.2,-153.73519375290365,160.1044861349491,-313.83967988785275,-69.6507326764195
7.22,-153.16223595777285,158.6754714814207,-311.83770743919354,-71.45073267641949
7.24,-152.589278162642,157.21045682789233,-309.7997349905343,-73.2507326764195
7.26,-152.01632036751118,155.70944217436391,-307.72576254187516,-75.0507326764195
7.28,-151.44336257238035,154.17242752083553,-305.61579009321594,-76.8507326764195
7.3,-150.87040477724955,152.59941286730714,-303.4698176445567,-78.65073267641951
7.32,-150.29744698211871,150.99039821377878,-301.2878451958975,-80.4507326764195
7.34,-149.7244891869879,149.34538356025035,-299.06987274723826,-82.2507326764195
7.36,-149.15153139185708,147.664368906722,-296.81590029857904,-84.05073267641951
7.38,-148.57857359672624,145.9473542531936,-294.52592784991987,-85.85073267641951
7.4,-148.00561580159538,144.1943395996652,-292.1999554012606,-87.65073267641952
7.42,-147.43265800646458,142.4053249461368,-289.83798295260135,-89.45073267641952
7.44,-146.85970021133377,140.58031029260843,-287.4400105039422,-91.25073267641952
7.46,-146.28674241620297,138.71929563908003,-285.006038055283,-93.05073267641953
7.48,-145.71378462107214,136.82228098555163,-282.53606560662377,-94.85073267641953
7.5,-145.1408268259413,134.88926633202325,-280.03009315796453,-96.65073267641954
7.5200000000000005,-144.56786903081047,132.92025167849485,-277.4881207093053,-98.45073267641953
7.54,-143.99491123567964,130.91523702496644,-274.9101482606461,-100.25073267641953
7.5600000000000005,-143.4219534405488,128.87422237143807,-272.29617581198687,-102.05073267641954
7.58,-142.84899564541803,126.79720771790969,-269.6462033633277,-103.85073267641954
7.6000000000000005,-142.2760378502872,124.68419306438129,-266.9602309146685,-105.65073267641954
7.62,-141.70308005515633,122.53517841085291,-264.23825846600926,-107.45073267641955
7.640000000000001,-141.13012226002553,120.35016375732452,-261.48028601735,-109.25073267641955
7.66,-140.55716446489473,118.12914910379612,-258.6863135686909,-111.05073267641956
7.68,-139.9842066697639,115.87213445026772,-255.8563411200316,-112.85073267641955
7.7,-139.4112488746331,113.57911979673933,-252.9903686713724,-114.65073267641954
7.72,-138.83829107950226,111.25010514321094,-250.08839622271321,-116.45073267641953
7.74,-138.26533328437142,108.88509048968255,-247.150423774054,-118.25073267641952
7.76,-137.69237548924062,106.48407583615418,-244.17645132539477,-120.05073267641951
7.78,-137.11941769410979,104.04706118262578,-241.16647887673554,-121.8507326764195
7.8,-136.54645989897895,101.57404652909739,-238.12050642807637,-123.6507326764195
7.82,-135.97350210384812,99.065031875569,-235.0385339794171,-125.45073267641948
7.84,-135.40054430871731,96.52001722204061,-231.9205615307579,-127.25073267641947
7.86,-134.82758651358645,93.93900256851222,-228.76658908209868,-129.05073267641947
7.88,-134.25462871845565,91.32198791498382,-225.5766166334395,-130.85073267641945
7.9,-133.68167092332484,88.66897326145543,-222.35064418478026,-132.65073267641944
7.92,-133.10871312819404,85.97995860792706,-219.08867173612109,-134.45073267641942
7.94,-132.53575533306318,83.25494395439867,-215.79069928746185,-136.25073267641943
7.96,-131.96279753793235,80.49392930087028,-212.45672683880264,-138.05073267641941
7.98,-131.38983974280154,77.6969146473419,-209.08675439014343,-139.8507326764194
8.0,-130.81688194767074,74.8638999938135,-205.6807819414842,-141.65073267641938
8.02,-130.24392415253993,71.99488534028512,-202.23880949282506,-143.4507326764194
8.040000000000001,-129.67096635740907,69.08987068675673,-198.76083704416578,-145.25073267641937
8.06,-129.0980085622782,66.14885603322834,-195.24686459550657,-147.05073267641936
8.08,-128.52505076714743,63.171841379699956,-191.6968921468474,-148.85073267641934
8.1,-127.9520929720166,60.15882672617156,-188.11091969818816,-150.65073267641935
8.120000000000001,-127.37913517688577,57.10981207264317,-184.48894724952893,-152.45073267641934
8.14,-126.80617738175495,54.02479741911478,-180.83097480086974,-154.25073267641932
8.16,-126.23321958662412,50.9037827655864,-177.13700235221054,-156.0507326764193
8.18,-125.66026179149333,47.746768112058014,-173.40702990355135,-157.8507326764193
8.2,-125.0873039963625,44.55375345852963,-169.64105745489212,-159.6507326764193
8.22,-124.51434620123163,41.324738805001246,-165.8390850062329,-161.45073267641928
8.24,-123.94138840610083,38.059724151472864,-162.0011125575737,-163.25073267641926
8.26,-123.36843061097001,34.75870949794448,-158.1271401089145,-165.05073267641924
8.28,-122.79547281583922,31.42169484441609,-154.2171676602553,-166.85073267641926
8.3,-122.22251502070834,28.048680190887705,-150.27119521159605,-168.65073267641924
8.32,-121.64955722557755,24.63966553735932,-146.28922276293687,-170.45073267641922
8.34,-121.07659943044672,21.194650883830935,-142.27125031427764,-172.2507326764192
8.36,-120.50364163531593,17.71363623030255,-138.21727786561848,-174.05073267641922
8.38,-119.93068384018507,14.196621576774168,-134.12730541695922,-175.8507326764192
8.4,-119.35772604505424,10.643606923245784,-130.0013329683,-177.65073267641918
8.42,-118.78476824992345,7.054592269717401,-125.83936051964085,-179.45073267641916
8.44,-118.21181045479264,3.429577616189017,-121.64138807098165,-181.25073267641918
8.46,-117.63885265966175,-0.23143703733936594,-117.40741562232238,-183.05073267641916
8.48,-117.06589486453096,-3.9284516908677487,-113.13744317366321,-184.85073267641914
8.5,-116.49293706940016,-7.661466344396131,-108.83147072500401,-186.65073267641912
8.52,-115.91997927426934,-11.430480997924514,-104.48949827634482,-188.45073267641914
8.540000000000001,-115.34702147913848,-15.235495651452897,-100.11152582768558,-190.25073267641912
8.56,-114.77406368400767,-19.076510304981277,-95.69755337902639,-192.0507326764191
8.58,-114.20110588887684,-22.95352495850966,-91.24758093036719,-193.85073267641909
8.6,-113.62814809374603,-26.866539612038043,-86.761608481708,-195.6507326764191
8.620000000000001,-113.05519029861517,-30.815554265566426,-82.23963603304874,-197.45073267641908
8.64,-112.48223250348435,-34.80056891909481,-77.68166358438955,-199.25073267641906
8.66,-111.90927470835355,-38.82158357262319,-73.08769113573037,-201.05073267641905
8.68,-111.33631691322273,-42.87859822615157,-68.45771868707116,-202.85073267641906
8.700000000000001,-110.76335911809187,-46.97161287967995,-63.79174623841192,-204.65073267641904
8.72,-110.19040132296107,-51.100627533208325,-59.08977378975274,-206.45073267641902
8.74,-109.61744352783026,-55.265642186736706,-54.35180134109355,-208.250732676419
8.76,-109.04448573269944,-59.466656840265095,-49.577828892434354,-210.05073267641902
8.78,-108.47152793756864,-63.70367149379347,-44.76785644377516,-211.850732676419
8.8,-107.89857014243778,-67.97668614732186,-39.92188399511592,-213.65073267641898
8.82,-107.32561234730696,-72.28570080085024,-35.03991154645672,-215.45073267641897
8.84,-106.75265455217615,-76.63071545437862,-30.121939097797533,-217.25073267641895
8.86,-106.17969675704533,-81.01173010790698,-25.167966649138346,-219.05073267641896
8.88,-105.60673896191447,-85.42874476143537,-20.1779942004791,-220.85073267641894
8.9,-105.03378116678367,-89.88175941496375,-15.15202175181991,-222.65073267641893
8.92,-104.46082337165285,-94.37077406849212,-10.090049303160725,-224.4507326764189
8.94,-103.88786557652205,-98.89578872202051,-4.992076854501533,-226.25073267641892
8.96,-103.31490778139118,-103.44630101849509,0.1313932371039179,-227.52561482372943
8.98,-102.74194998626037,-107.98494559739278,5.2429956111324145,-226.93222894488414
9.0,-102.16899219112956,-112.48759017629047,10.318597985160903,-225.13222894488416
9.02,-101.59603439599874,-116.95423475518815,15.358200359189409,-223.33222894488418
9.040000000000001,-101.02307660086788,-121.38487933408584,20.361802733217946,-221.5322289448842
9.06,-100.45011880573708,-125.77952391298352,25.329405107246448,-219.7322289448842
9.08,-99.87716101060626,-130.1381684918812,30.261007481274945,-217.9322289448842
9.1,-99.30420321547545,-134.4608130707789,35.15660985530343,-216.13222894488422
9.120000000000001,-98.73124542034459,-138.7474576496766,40.016212229331984,-214.33222894488424
9.14,-98.15828762521377,-142.99810222857425,44.83981460336049,-212.53222894488425
9.16,-97.58532983008297,-147.21274680747194,49.627416977388975,-210.73222894488424
9.18,-97.01237203495215,-151.39139138636963,54.37901935141748,-208.93222894488426
9.200000000000001,-96.43941423982129,-155.53403596526732,59.09462172544603,-207.13222894488428
9.22,-95.86645644469048,-159.640680544165,63.774224099474516,-205.3322289448843
9.24,-95.29349864955968,-163.7113251230627,68.41782647350303,-203.53222894488428
9.26,-94.72054085442886,-167.74596970196038,73.02542884753153,-201.7322289448843
9.28,-94.14758305929806,-171.74461428085806,77.59703122156002,-199.93222894488432
9.3,-93.5746252641672,-175.70725885975577,82.13263359558859,-198.13222894488433
9.32,-93.00166746903638,-179.63390343865345,86.63223596961708,-196.33222894488432
9.34,-92.42870967390557,-183.52454801755115,91.09583834364558,-194.53222894488434
9.36,-91.85575187877475,-187.37919259644883,95.52344071767406,-192.73222894488435
9.38,-91.28279408364389,-191.1978371753465,99.91504309170261,-190.93222894488437
9.4,-90.70983628851309,-194.98048175424418,104.2706454657311,-189.13222894488436
9.42,-90.13687849338227,-198.72712633314188,108.5902478397596,-187.33222894488438
9.44,-89.56392069825147,-202.43777091203955,112.8738502137881,-185.5322289448844
9.46,-88.9909629031206,-206.11241549093725,117.12145258781666,-183.7322289448844
9.48,-88.41800510798979,-209.75106006983492,121.33305496184512,-181.9322289448844
9.5,-87.84504731285898,-213.35370464873262,125.50865733587364,-180.13222894488442
9.52,-87.27208951772816,-216.9203492276303,129.64825970990213,-178.33222894488443
9.540000000000001,-86.6991317225973,-220.450993806528,133.7518620839307,-176.53222894488445
9.56,-86.1261739274665,-223.9456383854257,137.8194644579592,-174.73222894488444
9.58,-85.55321613233568,-227.4042829643234,141.85106683198768,-172.93222894488446
9.6,-84.98025833720487,-230.82692754322105,145.8466692060162,-171.13222894488447
9.620000000000001,-84.40730054207401,-234.21357212211876,149.80627158004475,-169.3322289448845
9.64,-83.8343427469432,-237.56421670101645,153.72987395407327,-167.5322289448845
9.66,-83.26138495181239,-240.87886127991413,157.61747632810176,-165.7322289448845
9.68,-82.68842715668157,-244.15750585881182,161.46907870213025,-163.9322289448845
9.700000000000001,-82.11546936155071,-247.40015043770947,165.28468107615876,-162.13222894488453
9.72,-81.5425115664199,-250.60679501660718,169.0642834501873,-160.33222894488455
9.74,-80.9695537712891,-253.7774395955049,172.80788582421582,-158.53222894488454
9.76,-80.39659597615828,-256.9120841744026,176.5154881982443,-156.73222894488455
9.78,-79.82363818102748,-260.01072875330027,180.1870905722728,-154.93222894488457
9.8,-79.25068038589662,-263.07337333219795,183.82269294630134,-153.1322289448846
9.82,-78.6777225907658,-266.1000179110956,187.42229532032982,-151.33222894488458
9.84,-78.10476479563499,-269.09066248999335,190.98589769435836,-149.5322289448846
9.86,-77.53180700050417,-272.045307068891,194.51350006838686,-147.7322289448846
9.88,-76.95884920537331,-274.96395164778875,198.00510244241542,-145.93222894488463
9.9,-76.38589141024251,-277.8465962266864,201.46070481644392,-144.13222894488462
9.92,-75.81293361511169,-280.6932408055841,204.88030719047242,-142.33222894488463
9.94,-75.23997581998088,-283.5038853844818,208.26390956450092,-140.53222894488465
9.96,-74.66701802485002,-286.27852996337947,211.61151193852947,-138.73222894488467
9.98,-74.0940602297192,-289.0171745422772,214.923114312558,-136.93222894488466
10.0,-73.5211024345884,-291.7198191211749,218.19871668658652,-135.13222894488467
10.02,-72.94814463945758,-294.38646370007257,221.43831906061502,-133.3322289448847
10.040000000000001,-72.37518684432672,-297.0171082789703,224.64192143464356,-131.5322289448847
10.06,-71.80222904919592,-299.61175285786794,227.80952380867205,-129.7322289448847
10.08,-71.2292712540651,-302.17039743676565,230.9411261827006,-127.93222894488471
10.1,-70.65631345893429,-304.69304201566337,234.03672855672912,-126.13222894488473
10.120000000000001,-70.08335566380343,-307.1796865945611,237.0963309307577,-124.33222894488473
10.14,-69.51039786867261,-309.6303311734588,240.11993330478617,-122.53222894488475
10.16,-68.93744007354181,-312.0449757523565,243.10753567881468,-120.73222894488475
10.18,-68.36448227841099,-314.42362033125414,246.05913805284317,-118.93222894488477
10.200000000000001,-67.79152448328013,-316.76626491015185,248.9747404268717,-117.13222894488477
10.22,-67.21856668814932,-319.07290948904955,251.85434280090024,-115.33222894488479
10.24,-66.64560889301852,-321.34355406794725,254.69794517492875,-113.53222894488479
10.26,-66.0726510978877,-323.57819864684495,257.5055475489573,-111.73222894488478
10.28,-65.4996933027569,-325.77684322574265,260.27714992298576,-109.93222894488478
10.3,-64.92673550762603,-327.93948780464035,263.0127522970143,-108.13222894488477
10.32,-64.35377771249522,-330.066132383538,265.7123546710428,-106.33222894488478
10.34,-63.780819917364404,-332.15677696243574,268.37595704507135,-104.53222894488478
10.36,-63.20786212223359,-334.21142154133344,271.0035594190999,-102.73222894488477
10.38,-62.63490432710273,-336.23006612023113,273.5951617931284,-100.93222894488477
10.4,-62.06194653197192,-338.2127106991288,276.1507641671569,-99.13222894488477
10.42,-61.48898873684111,-340.1593552780265,278.6703665411854,-97.33222894488476
10.44,-60.9160309417103,-342.0699998569242,281.1539689152139,-95.53222894488476
10.46,-60.343073146579435,-343.9446444358219,283.60157128924243,-93.73222894488475
10.48,-59.770115351448624,-345.78328901471957,286.01317366327095,-91.93222894488476
10.5,-59.19715755631782,-347.58593359361726,288.38877603729946,-90.13222894488476
10.52,-58.62419976118701,-349.352578172515,290.728378411328,-88.33222894488475
10.540000000000001,-58.051241966056146,-351.0832227514127,293.03198078535655,-86.53222894488475
10.56,-57.478284170925335,-352.77786733031036,295.299583159385,-84.73222894488475
10.58,-56.90532637579453,-354.43651190920804,297.5311855334135,-82.93222894488474
10.6,-56.33236858066372,-356.05915648810577,299.72678790744203,-81.13222894488474
10.620000000000001,-55.75941078553285,-357.64580106700345,301.8863902814706,-79.33222894488473
10.64,-55.186452990402046,-359.1964456459012,304.0099926554991,-77.53222894488474
10.66,-54.61349519527123,-360.71109022479885,306.0975950295276,-75.73222894488474
10.68,-54.040537400140416,-362.1897348036965,308.1491974035561,-73.93222894488473
10.700000000000001,-53.46757960500956,-363.6323793825942,310.1647997775847,-72.13222894488473
10.72,-52.89462180987874,-365.03902396149186,312.1444021516131,-70.33222894488473
10.74,-52.32166401474793,-366.4096685403896,314.0880045256417,-68.53222894488472
10.76,-51.74870621961712,-367.7443131192873,315.9956068996702,-66.73222894488472
10.78,-51.17574842448631,-369.042957698185,317.8672092736987,-64.93222894488471
10.8,-50.60279062935545,-370.3056022770827,319.70281164772723,-63.132228944884716
10.82,-50.029832834224635,-371.53224685598036,321.5024140217557,-61.33222894488471
10.84,-49.45687503909382,-372.722891434878,323.2660163957842,-59.532228944884714
10.86,-48.88391724396301,-373.87753601377574,324.99361876981277,-57.73222894488471
10.88,-48.31095944883215,-374.99618059267345,326.6852211438413,-55.93222894488471
10.9,-47.73800165370134,-376.07882517157117,328.3408235178698,-54.132228944884716
10.92,-47.165043858570534,-377.1254697504688,329.96042589189835,-52.33222894488472
10.94,-46.592086063439716,-378.13611432936654,331.54402826592684,-50.53222894488472
10.96,-46.019128268308855,-379.1107589082642,333.0916306399554,-48.732228944884724
10.98,-45.44617047317804,-380.04940348716195,334.60323301398387,-46.932228944884734
11.0,-44.87321267804724,-380.95204806605966,336.0788353880124,-45.13222894488474
11.02,-44.30025488291643,-381.81869264495737,337.51843776204095,-43.33222894488474
11.040000000000001,-43.727297087785566,-382.649337223855,338.9220401360695,-41.53222894488474
11.06,-43.154339292654754,-383.4439818027527,340.28964251009796,-39.732228944884746
11.08,-42.58138149752395,-384.2026263816504,341.6212448841265,-37.93222894488475
11.1,-42.00842370239313,-384.92527096054806,342.916847258155,-36.13222894488475
11.120000000000001,-41.43546590726227,-385.61191553944576,344.1764496321835,-34.33222894488476
11.14,-40.862508112131465,-386.2625601183435,345.40005200621204,-32.532228944884764
11.16,-40.289550317000646,-386.8772046972412,346.58765438024056,-30.732228944884767
11.18,-39.716592521869835,-387.4558492761389,347.73925675426904,-28.93222894488477
11.200000000000001,-39.14363472673897,-387.99849385503654,348.8548591282976,-27.13222894488477
11.22,-38.57067693160817,-388.50513843393423,349.9344615023261,-25.332228944884772
11.24,-37.99771913647735,-388.975783012832,350.9780638763546,-23.53222894488477
11.26,-37.42476134134654,-389.4104275917297,351.98566625038313,-21.732228944884774
11.28,-36.851803546215734,-389.80907217062736,352.95726862441165,-19.932228944884773
11.3,-36.278845751084866,-390.17171674952505,353.89287099844023,-18.132228944884773
11.32,-35.705887955954054,-390.49836132842273,354.7924733724687,-16.332228944884776
11.34,-35.13293016082324,-390.7890059073204,355.6560757464972,-14.532228944884775
11.36,-34.55997236569243,-391.04365048621816,356.4836781205257,-12.732228944884778
11.38,-33.98701457056157,-391.26229506511584,357.2752804945543,-10.932228944884779
11.4,-33.41405677543076,-391.4449396440136,358.0308828685828,-9.132228944884782
11.42,-32.841098980299954,-391.59158422291125,358.7504852426113,-7.332228944884784
11.44,-32.268141185169135,-391.70222880180893,359.43408761663983,-5.532228944884786
11.46,-31.695183390038284,-391.7768733807066,360.08168999066834,-3.7322289448847883
11.48,-31.122225594907466,-391.8155179596043,360.69329236469684,-1.9322289448847902
11.5,-30.54926779977666,-391.818162538502,361.26889473872535,-0.13222894488479214
11.52,-29.976310004645843,-391.78480711739974,361.8084971127539,1.667771055115206
11.540000000000001,-29.40335220951498,-391.7154516962974,362.3120994867825,3.4677710551152043
11.56,-28.83039441438417,-391.61009627519513,362.779701860811,5.267771055115202
11.58,-28.257436619253358,-391.4687408540928,363.2113042348395,7.0677710551152
11.6,-27.68447882412255,-391.29138543299047,363.6069066088679,8.867771055115197
11.620000000000001,-27.11152102899169,-391.0780300118882,363.9665089828965,10.667771055115196
11.64,-26.538563233860877,-390.8286745907859,364.290111356925,12.467771055115193
11.66,-25.965605438730062,-390.5433191696836,364.5777137309536,14.26777105511519
11.68,-25.392647643599254,-390.2219637485813,364.82931610498207,16.067771055115188
11.700000000000001,-24.819689848468396,-389.864608327479,365.0449184790106,17.86777105511519
11.72,-24.24673205333758,-389.47125290637666,365.2245208530391,19.66777105511519
11.74,-23.67377425820677,-389.0418974852743,365.3681232270676,21.467771055115186
11.76,-23.100816463075958,-388.5765420641721,365.4757256010961,23.267771055115187
11.78,-22.527858667945146,-388.07518664306974,365.54732797512463,25.067771055115184
11.8,-21.954900872814285,-387.53783122196745,365.5829303491532,26.867771055115185
11.82,-21.381943077683477,-386.96447580086516,365.5825327231817,28.667771055115185
11.84,-20.808985282552666,-386.35512037976287,365.5461350972102,30.46777105511518
11.86,-20.236027487421858,-385.7097649586605,365.4737374712387,32.267771055115176
11.88,-19.663069692290993,-385.0284095375582,365.3653398452673,34.06777105511517
11.9,-19.09011189716018,-384.3110541164559,365.22094221929575,35.86777105511517
11.92,-18.51715410202937,-383.5576986953536,365.0405445933243,37.66777105511517
11.94,-17.944196306898558,-382.7683432742513,364.8241469673528,39.46777105511516
11.96,-17.371238511767697,-381.942987853149,364.57174934138135,41.267771055115155
11.98,-16.798280716636885,-381.0816324320467,364.2833517154098,43.06777105511515
